api_type,kind,wrapper,status,base_type,source,required_api_types,unavailable_api_types
ContainerType_String_SINT,Constants,Node_ContainerType_String_SINT,registered,GUID,src/sln/lib/mobject-graph-vision-pack/Nodes/Constants/Node_ContainerType_String_SINT.TcPOU,,
ContainerType_Vector_DINT,Constants,Node_ContainerType_Vector_DINT,registered,GUID,src/sln/lib/mobject-graph-vision-pack/Nodes/Constants/Node_ContainerType_Vector_DINT.TcPOU,,
ContainerType_Vector_INT,Constants,Node_ContainerType_Vector_INT,registered,GUID,src/sln/lib/mobject-graph-vision-pack/Nodes/Constants/Node_ContainerType_Vector_INT.TcPOU,,
ContainerType_Vector_ITcVnImage,Constants,Node_ContainerType_Vector_ITcVnImage,registered,GUID,src/sln/lib/mobject-graph-vision-pack/Nodes/Constants/Node_ContainerType_Vector_ITcVnImage.TcPOU,,
ContainerType_Vector_LREAL,Constants,Node_ContainerType_Vector_LREAL,registered,GUID,src/sln/lib/mobject-graph-vision-pack/Nodes/Constants/Node_ContainerType_Vector_LREAL.TcPOU,,
ContainerType_Vector_REAL,Constants,Node_ContainerType_Vector_REAL,registered,GUID,src/sln/lib/mobject-graph-vision-pack/Nodes/Constants/Node_ContainerType_Vector_REAL.TcPOU,,
ContainerType_Vector_SINT,Constants,Node_ContainerType_Vector_SINT,registered,GUID,src/sln/lib/mobject-graph-vision-pack/Nodes/Constants/Node_ContainerType_Vector_SINT.TcPOU,,
ContainerType_Vector_String_SINT,Constants,Node_ContainerType_Vector_String_SINT,registered,GUID,src/sln/lib/mobject-graph-vision-pack/Nodes/Constants/Node_ContainerType_Vector_String_SINT.TcPOU,,
ContainerType_Vector_TcVnDMatch,Constants,Node_ContainerType_Vector_TcVnDMatch,registered,GUID,src/sln/lib/mobject-graph-vision-pack/Nodes/Constants/Node_ContainerType_Vector_TcVnDMatch.TcPOU,,
ContainerType_Vector_TcVnKeyPoint,Constants,Node_ContainerType_Vector_TcVnKeyPoint,registered,GUID,src/sln/lib/mobject-graph-vision-pack/Nodes/Constants/Node_ContainerType_Vector_TcVnKeyPoint.TcPOU,,
ContainerType_Vector_TcVnPoint2_DINT,Constants,Node_ContainerType_Vector_TcVnPoint2_DINT,registered,GUID,src/sln/lib/mobject-graph-vision-pack/Nodes/Constants/Node_ContainerType_Vector_TcVnPoint2_DINT.TcPOU,,
ContainerType_Vector_TcVnPoint2_LREAL,Constants,Node_ContainerType_Vector_TcVnPoint2_LREAL,registered,GUID,src/sln/lib/mobject-graph-vision-pack/Nodes/Constants/Node_ContainerType_Vector_TcVnPoint2_LREAL.TcPOU,,
ContainerType_Vector_TcVnPoint2_REAL,Constants,Node_ContainerType_Vector_TcVnPoint2_REAL,registered,GUID,src/sln/lib/mobject-graph-vision-pack/Nodes/Constants/Node_ContainerType_Vector_TcVnPoint2_REAL.TcPOU,,
ContainerType_Vector_TcVnPoint3_LREAL,Constants,Node_ContainerType_Vector_TcVnPoint3_LREAL,registered,GUID,src/sln/lib/mobject-graph-vision-pack/Nodes/Constants/Node_ContainerType_Vector_TcVnPoint3_LREAL.TcPOU,,
ContainerType_Vector_TcVnPoint3_REAL,Constants,Node_ContainerType_Vector_TcVnPoint3_REAL,registered,GUID,src/sln/lib/mobject-graph-vision-pack/Nodes/Constants/Node_ContainerType_Vector_TcVnPoint3_REAL.TcPOU,,
ContainerType_Vector_TcVnRectangle_DINT,Constants,Node_ContainerType_Vector_TcVnRectangle_DINT,registered,GUID,src/sln/lib/mobject-graph-vision-pack/Nodes/Constants/Node_ContainerType_Vector_TcVnRectangle_DINT.TcPOU,,
ContainerType_Vector_TcVnRotatedRectangle,Constants,Node_ContainerType_Vector_TcVnRotatedRectangle,registered,GUID,src/sln/lib/mobject-graph-vision-pack/Nodes/Constants/Node_ContainerType_Vector_TcVnRotatedRectangle.TcPOU,,
ContainerType_Vector_TcVnVector2_DINT,Constants,Node_ContainerType_Vector_TcVnVector2_DINT,registered,GUID,src/sln/lib/mobject-graph-vision-pack/Nodes/Constants/Node_ContainerType_Vector_TcVnVector2_DINT.TcPOU,,
ContainerType_Vector_TcVnVector2_INT,Constants,Node_ContainerType_Vector_TcVnVector2_INT,registered,GUID,src/sln/lib/mobject-graph-vision-pack/Nodes/Constants/Node_ContainerType_Vector_TcVnVector2_INT.TcPOU,,
ContainerType_Vector_TcVnVector2_REAL,Constants,Node_ContainerType_Vector_TcVnVector2_REAL,registered,GUID,src/sln/lib/mobject-graph-vision-pack/Nodes/Constants/Node_ContainerType_Vector_TcVnVector2_REAL.TcPOU,,
ContainerType_Vector_TcVnVector2_SINT,Constants,Node_ContainerType_Vector_TcVnVector2_SINT,registered,GUID,src/sln/lib/mobject-graph-vision-pack/Nodes/Constants/Node_ContainerType_Vector_TcVnVector2_SINT.TcPOU,,
ContainerType_Vector_TcVnVector2_UINT,Constants,Node_ContainerType_Vector_TcVnVector2_UINT,registered,GUID,src/sln/lib/mobject-graph-vision-pack/Nodes/Constants/Node_ContainerType_Vector_TcVnVector2_UINT.TcPOU,,
ContainerType_Vector_TcVnVector2_USINT,Constants,Node_ContainerType_Vector_TcVnVector2_USINT,registered,GUID,src/sln/lib/mobject-graph-vision-pack/Nodes/Constants/Node_ContainerType_Vector_TcVnVector2_USINT.TcPOU,,
ContainerType_Vector_TcVnVector3_INT,Constants,Node_ContainerType_Vector_TcVnVector3_INT,registered,GUID,src/sln/lib/mobject-graph-vision-pack/Nodes/Constants/Node_ContainerType_Vector_TcVnVector3_INT.TcPOU,,
ContainerType_Vector_TcVnVector3_REAL,Constants,Node_ContainerType_Vector_TcVnVector3_REAL,registered,GUID,src/sln/lib/mobject-graph-vision-pack/Nodes/Constants/Node_ContainerType_Vector_TcVnVector3_REAL.TcPOU,,
ContainerType_Vector_TcVnVector3_SINT,Constants,Node_ContainerType_Vector_TcVnVector3_SINT,registered,GUID,src/sln/lib/mobject-graph-vision-pack/Nodes/Constants/Node_ContainerType_Vector_TcVnVector3_SINT.TcPOU,,
ContainerType_Vector_TcVnVector3_UINT,Constants,Node_ContainerType_Vector_TcVnVector3_UINT,registered,GUID,src/sln/lib/mobject-graph-vision-pack/Nodes/Constants/Node_ContainerType_Vector_TcVnVector3_UINT.TcPOU,,
ContainerType_Vector_TcVnVector3_USINT,Constants,Node_ContainerType_Vector_TcVnVector3_USINT,registered,GUID,src/sln/lib/mobject-graph-vision-pack/Nodes/Constants/Node_ContainerType_Vector_TcVnVector3_USINT.TcPOU,,
ContainerType_Vector_TcVnVector4_DINT,Constants,Node_ContainerType_Vector_TcVnVector4_DINT,registered,GUID,src/sln/lib/mobject-graph-vision-pack/Nodes/Constants/Node_ContainerType_Vector_TcVnVector4_DINT.TcPOU,,
ContainerType_Vector_TcVnVector4_INT,Constants,Node_ContainerType_Vector_TcVnVector4_INT,registered,GUID,src/sln/lib/mobject-graph-vision-pack/Nodes/Constants/Node_ContainerType_Vector_TcVnVector4_INT.TcPOU,,
ContainerType_Vector_TcVnVector4_LREAL,Constants,Node_ContainerType_Vector_TcVnVector4_LREAL,registered,GUID,src/sln/lib/mobject-graph-vision-pack/Nodes/Constants/Node_ContainerType_Vector_TcVnVector4_LREAL.TcPOU,,
ContainerType_Vector_TcVnVector4_REAL,Constants,Node_ContainerType_Vector_TcVnVector4_REAL,registered,GUID,src/sln/lib/mobject-graph-vision-pack/Nodes/Constants/Node_ContainerType_Vector_TcVnVector4_REAL.TcPOU,,
ContainerType_Vector_TcVnVector4_SINT,Constants,Node_ContainerType_Vector_TcVnVector4_SINT,registered,GUID,src/sln/lib/mobject-graph-vision-pack/Nodes/Constants/Node_ContainerType_Vector_TcVnVector4_SINT.TcPOU,,
ContainerType_Vector_TcVnVector4_UINT,Constants,Node_ContainerType_Vector_TcVnVector4_UINT,registered,GUID,src/sln/lib/mobject-graph-vision-pack/Nodes/Constants/Node_ContainerType_Vector_TcVnVector4_UINT.TcPOU,,
ContainerType_Vector_TcVnVector4_USINT,Constants,Node_ContainerType_Vector_TcVnVector4_USINT,registered,GUID,src/sln/lib/mobject-graph-vision-pack/Nodes/Constants/Node_ContainerType_Vector_TcVnVector4_USINT.TcPOU,,
ContainerType_Vector_UDINT,Constants,Node_ContainerType_Vector_UDINT,registered,GUID,src/sln/lib/mobject-graph-vision-pack/Nodes/Constants/Node_ContainerType_Vector_UDINT.TcPOU,,
ContainerType_Vector_UINT,Constants,Node_ContainerType_Vector_UINT,registered,GUID,src/sln/lib/mobject-graph-vision-pack/Nodes/Constants/Node_ContainerType_Vector_UINT.TcPOU,,
ContainerType_Vector_ULINT,Constants,Node_ContainerType_Vector_ULINT,registered,GUID,src/sln/lib/mobject-graph-vision-pack/Nodes/Constants/Node_ContainerType_Vector_ULINT.TcPOU,,
ContainerType_Vector_USINT,Constants,Node_ContainerType_Vector_USINT,registered,GUID,src/sln/lib/mobject-graph-vision-pack/Nodes/Constants/Node_ContainerType_Vector_USINT.TcPOU,,
ContainerType_Vector_Vector_LREAL,Constants,Node_ContainerType_Vector_Vector_LREAL,registered,GUID,src/sln/lib/mobject-graph-vision-pack/Nodes/Constants/Node_ContainerType_Vector_Vector_LREAL.TcPOU,,
ContainerType_Vector_Vector_REAL,Constants,Node_ContainerType_Vector_Vector_REAL,registered,GUID,src/sln/lib/mobject-graph-vision-pack/Nodes/Constants/Node_ContainerType_Vector_Vector_REAL.TcPOU,,
ContainerType_Vector_Vector_TcVnDMatch,Constants,Node_ContainerType_Vector_Vector_TcVnDMatch,registered,GUID,src/sln/lib/mobject-graph-vision-pack/Nodes/Constants/Node_ContainerType_Vector_Vector_TcVnDMatch.TcPOU,,
ContainerType_Vector_Vector_TcVnPoint2_DINT,Constants,Node_ContainerType_Vector_Vector_TcVnPoint2_DINT,registered,GUID,src/sln/lib/mobject-graph-vision-pack/Nodes/Constants/Node_ContainerType_Vector_Vector_TcVnPoint2_DINT.TcPOU,,
ContainerType_Vector_Vector_TcVnPoint2_REAL,Constants,Node_ContainerType_Vector_Vector_TcVnPoint2_REAL,registered,GUID,src/sln/lib/mobject-graph-vision-pack/Nodes/Constants/Node_ContainerType_Vector_Vector_TcVnPoint2_REAL.TcPOU,,
ContainerType_Vector_Vector_TcVnPoint3_REAL,Constants,Node_ContainerType_Vector_Vector_TcVnPoint3_REAL,registered,GUID,src/sln/lib/mobject-graph-vision-pack/Nodes/Constants/Node_ContainerType_Vector_Vector_TcVnPoint3_REAL.TcPOU,,
ContainerType_Vector_Vector_UDINT,Constants,Node_ContainerType_Vector_Vector_UDINT,registered,GUID,src/sln/lib/mobject-graph-vision-pack/Nodes/Constants/Node_ContainerType_Vector_Vector_UDINT.TcPOU,,
ContainerType_Vector_Vector_ULINT,Constants,Node_ContainerType_Vector_Vector_ULINT,registered,GUID,src/sln/lib/mobject-graph-vision-pack/Nodes/Constants/Node_ContainerType_Vector_Vector_ULINT.TcPOU,,
ETcVn2dCodeSearchStrategy,Enums,_ETcVn2dCodeSearchStrategy,registered,UDINT,src/sln/lib/mobject-graph-vision-pack/Datatypes/Enums/_ETcVn2dCodeSearchStrategy.TcPOU,,
ETcVnAdaptiveThresholdMethod,Enums,_ETcVnAdaptiveThresholdMethod,registered,DINT,src/sln/lib/mobject-graph-vision-pack/Datatypes/Enums/_ETcVnAdaptiveThresholdMethod.TcPOU,,
ETcVnBarcodeSearchDirection,Enums,_ETcVnBarcodeSearchDirection,registered,UDINT,src/sln/lib/mobject-graph-vision-pack/Datatypes/Enums/_ETcVnBarcodeSearchDirection.TcPOU,,
ETcVnBarcodeType,Enums,_ETcVnBarcodeType,registered,UDINT,src/sln/lib/mobject-graph-vision-pack/Datatypes/Enums/_ETcVnBarcodeType.TcPOU,,
ETcVnBlobCombination,Enums,_ETcVnBlobCombination,registered,DINT,src/sln/lib/mobject-graph-vision-pack/Datatypes/Enums/_ETcVnBlobCombination.TcPOU,,
ETcVnBoostClassifierType,Enums,_ETcVnBoostClassifierType,registered,DINT,src/sln/lib/mobject-graph-vision-pack/Datatypes/Enums/_ETcVnBoostClassifierType.TcPOU,,
ETcVnBorderInterpolationMethod,Enums,_ETcVnBorderInterpolationMethod,registered,DINT,src/sln/lib/mobject-graph-vision-pack/Datatypes/Enums/_ETcVnBorderInterpolationMethod.TcPOU,,
ETcVnCalibrationPattern,Enums,_ETcVnCalibrationPattern,registered,DINT,src/sln/lib/mobject-graph-vision-pack/Datatypes/Enums/_ETcVnCalibrationPattern.TcPOU,,
ETcVnCalibrationPatternOrigin,Enums,_ETcVnCalibrationPatternOrigin,registered,DINT,src/sln/lib/mobject-graph-vision-pack/Datatypes/Enums/_ETcVnCalibrationPatternOrigin.TcPOU,,
ETcVnCameraState,Enums,_ETcVnCameraState,registered,DINT,src/sln/lib/mobject-graph-vision-pack/Datatypes/Enums/_ETcVnCameraState.TcPOU,,
ETcVnCircularityCalculationMethod,Enums,_ETcVnCircularityCalculationMethod,registered,DINT,src/sln/lib/mobject-graph-vision-pack/Datatypes/Enums/_ETcVnCircularityCalculationMethod.TcPOU,,
ETcVnClusteringAlgorithm,Enums,_ETcVnClusteringAlgorithm,registered,DINT,src/sln/lib/mobject-graph-vision-pack/Datatypes/Enums/_ETcVnClusteringAlgorithm.TcPOU,,
ETcVnCodeDetectionModel,Enums,_ETcVnCodeDetectionModel,registered,ULINT,src/sln/lib/mobject-graph-vision-pack/Datatypes/Enums/_ETcVnCodeDetectionModel.TcPOU,,
ETcVnCodeType,Enums,_ETcVnCodeType,registered,ULINT,src/sln/lib/mobject-graph-vision-pack/Datatypes/Enums/_ETcVnCodeType.TcPOU,,
ETcVnColorMap,Enums,_ETcVnColorMap,registered,DINT,src/sln/lib/mobject-graph-vision-pack/Datatypes/Enums/_ETcVnColorMap.TcPOU,,
ETcVnColorMapSize,Enums,_ETcVnColorMapSize,registered,UDINT,src/sln/lib/mobject-graph-vision-pack/Datatypes/Enums/_ETcVnColorMapSize.TcPOU,,
ETcVnColorSpaceTransform,Enums,_ETcVnColorSpaceTransform,registered,DINT,src/sln/lib/mobject-graph-vision-pack/Datatypes/Enums/_ETcVnColorSpaceTransform.TcPOU,,
ETcVnColorTrainingMethod,Enums,_ETcVnColorTrainingMethod,registered,DINT,src/sln/lib/mobject-graph-vision-pack/Datatypes/Enums/_ETcVnColorTrainingMethod.TcPOU,,
ETcVnComparisonOperator,Enums,_ETcVnComparisonOperator,registered,INT,src/sln/lib/mobject-graph-vision-pack/Datatypes/Enums/_ETcVnComparisonOperator.TcPOU,,
ETcVnConnectedComponentsAlgorithm,Enums,_ETcVnConnectedComponentsAlgorithm,registered,DINT,src/sln/lib/mobject-graph-vision-pack/Datatypes/Enums/_ETcVnConnectedComponentsAlgorithm.TcPOU,,
ETcVnContainerExportFormat,Enums,_ETcVnContainerExportFormat,registered,UINT,src/sln/lib/mobject-graph-vision-pack/Datatypes/Enums/_ETcVnContainerExportFormat.TcPOU,,
ETcVnContourApproximationMethod,Enums,_ETcVnContourApproximationMethod,registered,DINT,src/sln/lib/mobject-graph-vision-pack/Datatypes/Enums/_ETcVnContourApproximationMethod.TcPOU,,
ETcVnContourRetrievalMode,Enums,_ETcVnContourRetrievalMode,registered,DINT,src/sln/lib/mobject-graph-vision-pack/Datatypes/Enums/_ETcVnContourRetrievalMode.TcPOU,,
ETcVnContoursMatchComparisonMethod,Enums,_ETcVnContoursMatchComparisonMethod,registered,DINT,src/sln/lib/mobject-graph-vision-pack/Datatypes/Enums/_ETcVnContoursMatchComparisonMethod.TcPOU,,
ETcVnDataLayout,Enums,_ETcVnDataLayout,registered,ULINT,src/sln/lib/mobject-graph-vision-pack/Datatypes/Enums/_ETcVnDataLayout.TcPOU,,
ETcVnDataMatrixOptions,Enums,_ETcVnDataMatrixOptions,registered,ULINT,src/sln/lib/mobject-graph-vision-pack/Datatypes/Enums/_ETcVnDataMatrixOptions.TcPOU,,
ETcVnDetectBarcodesWalshOptions,Enums,_ETcVnDetectBarcodesWalshOptions,registered,UDINT,src/sln/lib/mobject-graph-vision-pack/Datatypes/Enums/_ETcVnDetectBarcodesWalshOptions.TcPOU,,
ETcVnDetectPatternPointsOptions,Enums,_ETcVnDetectPatternPointsOptions,registered,UDINT,src/sln/lib/mobject-graph-vision-pack/Datatypes/Enums/_ETcVnDetectPatternPointsOptions.TcPOU,,
ETcVnDiffusivityTypeKAZE,Enums,_ETcVnDiffusivityTypeKAZE,registered,DINT,src/sln/lib/mobject-graph-vision-pack/Datatypes/Enums/_ETcVnDiffusivityTypeKAZE.TcPOU,,
ETcVnDistanceTransformationLabel,Enums,_ETcVnDistanceTransformationLabel,registered,DINT,src/sln/lib/mobject-graph-vision-pack/Datatypes/Enums/_ETcVnDistanceTransformationLabel.TcPOU,,
ETcVnDistanceTransformationMask,Enums,_ETcVnDistanceTransformationMask,registered,DINT,src/sln/lib/mobject-graph-vision-pack/Datatypes/Enums/_ETcVnDistanceTransformationMask.TcPOU,,
ETcVnDistanceType,Enums,_ETcVnDistanceType,registered,DINT,src/sln/lib/mobject-graph-vision-pack/Datatypes/Enums/_ETcVnDistanceType.TcPOU,,
ETcVnDotCodeOptions,Enums,_ETcVnDotCodeOptions,registered,ULINT,src/sln/lib/mobject-graph-vision-pack/Datatypes/Enums/_ETcVnDotCodeOptions.TcPOU,,
ETcVnDrawMatchesFlags,Enums,_ETcVnDrawMatchesFlags,registered,DINT,src/sln/lib/mobject-graph-vision-pack/Datatypes/Enums/_ETcVnDrawMatchesFlags.TcPOU,,
ETcVnDrawShape,Enums,_ETcVnDrawShape,registered,DINT,src/sln/lib/mobject-graph-vision-pack/Datatypes/Enums/_ETcVnDrawShape.TcPOU,,
ETcVnEdgeDetectionAlgorithm,Enums,_ETcVnEdgeDetectionAlgorithm,registered,DINT,src/sln/lib/mobject-graph-vision-pack/Datatypes/Enums/_ETcVnEdgeDetectionAlgorithm.TcPOU,,
ETcVnEdgeDirection,Enums,_ETcVnEdgeDirection,registered,DINT,src/sln/lib/mobject-graph-vision-pack/Datatypes/Enums/_ETcVnEdgeDirection.TcPOU,,
ETcVnEdgeSelection,Enums,_ETcVnEdgeSelection,registered,DINT,src/sln/lib/mobject-graph-vision-pack/Datatypes/Enums/_ETcVnEdgeSelection.TcPOU,,
ETcVnElementType,Enums,_ETcVnElementType,registered,DINT,src/sln/lib/mobject-graph-vision-pack/Datatypes/Enums/_ETcVnElementType.TcPOU,,
ETcVnEstimationAlgorithm,Enums,_ETcVnEstimationAlgorithm,registered,DINT,src/sln/lib/mobject-graph-vision-pack/Datatypes/Enums/_ETcVnEstimationAlgorithm.TcPOU,,
ETcVnExtremePointDirection,Enums,_ETcVnExtremePointDirection,registered,DINT,src/sln/lib/mobject-graph-vision-pack/Datatypes/Enums/_ETcVnExtremePointDirection.TcPOU,,
ETcVnFeatureDescriptorTypeAKAZE,Enums,_ETcVnFeatureDescriptorTypeAKAZE,registered,DINT,src/sln/lib/mobject-graph-vision-pack/Datatypes/Enums/_ETcVnFeatureDescriptorTypeAKAZE.TcPOU,,
ETcVnFeatureScalingType,Enums,_ETcVnFeatureScalingType,registered,DINT,src/sln/lib/mobject-graph-vision-pack/Datatypes/Enums/_ETcVnFeatureScalingType.TcPOU,,
ETcVnFeatureScoreTypeORB,Enums,_ETcVnFeatureScoreTypeORB,registered,DINT,src/sln/lib/mobject-graph-vision-pack/Datatypes/Enums/_ETcVnFeatureScoreTypeORB.TcPOU,,
ETcVnFilterDirection,Enums,_ETcVnFilterDirection,registered,INT,src/sln/lib/mobject-graph-vision-pack/Datatypes/Enums/_ETcVnFilterDirection.TcPOU,,
ETcVnFindRoisMethod,Enums,_ETcVnFindRoisMethod,registered,UDINT,src/sln/lib/mobject-graph-vision-pack/Datatypes/Enums/_ETcVnFindRoisMethod.TcPOU,,
ETcVnFindTemplateWalshOptions,Enums,_ETcVnFindTemplateWalshOptions,registered,UDINT,src/sln/lib/mobject-graph-vision-pack/Datatypes/Enums/_ETcVnFindTemplateWalshOptions.TcPOU,,
ETcVnFlipAxis,Enums,_ETcVnFlipAxis,registered,INT,src/sln/lib/mobject-graph-vision-pack/Datatypes/Enums/_ETcVnFlipAxis.TcPOU,,
ETcVnFontType,Enums,_ETcVnFontType,registered,DINT,src/sln/lib/mobject-graph-vision-pack/Datatypes/Enums/_ETcVnFontType.TcPOU,,
ETcVnHoughMethod,Enums,_ETcVnHoughMethod,registered,DINT,src/sln/lib/mobject-graph-vision-pack/Datatypes/Enums/_ETcVnHoughMethod.TcPOU,,
ETcVnInitializableFunction,Enums,_ETcVnInitializableFunction,registered,DINT,src/sln/lib/mobject-graph-vision-pack/Datatypes/Enums/_ETcVnInitializableFunction.TcPOU,,
ETcVnInterpolationType,Enums,_ETcVnInterpolationType,registered,DINT,src/sln/lib/mobject-graph-vision-pack/Datatypes/Enums/_ETcVnInterpolationType.TcPOU,,
ETcVnJpegSampling,Enums,_ETcVnJpegSampling,registered,DINT,src/sln/lib/mobject-graph-vision-pack/Datatypes/Enums/_ETcVnJpegSampling.TcPOU,,
ETcVnKeypointDetectionTypeAGAST,Enums,_ETcVnKeypointDetectionTypeAGAST,registered,DINT,src/sln/lib/mobject-graph-vision-pack/Datatypes/Enums/_ETcVnKeypointDetectionTypeAGAST.TcPOU,,
ETcVnKeypointDetectionTypeFAST,Enums,_ETcVnKeypointDetectionTypeFAST,registered,DINT,src/sln/lib/mobject-graph-vision-pack/Datatypes/Enums/_ETcVnKeypointDetectionTypeFAST.TcPOU,,
ETcVnKnn,Enums,_ETcVnKnn,registered,UDINT,src/sln/lib/mobject-graph-vision-pack/Datatypes/Enums/_ETcVnKnn.TcPOU,,
ETcVnLayerNameType,Enums,_ETcVnLayerNameType,registered,DINT,src/sln/lib/mobject-graph-vision-pack/Datatypes/Enums/_ETcVnLayerNameType.TcPOU,,
ETcVnLineType,Enums,_ETcVnLineType,registered,DINT,src/sln/lib/mobject-graph-vision-pack/Datatypes/Enums/_ETcVnLineType.TcPOU,,
ETcVnMatchTemplateWalshOptions,Enums,_ETcVnMatchTemplateWalshOptions,registered,UDINT,src/sln/lib/mobject-graph-vision-pack/Datatypes/Enums/_ETcVnMatchTemplateWalshOptions.TcPOU,,
ETcVnMergeRegionsOptions,Enums,_ETcVnMergeRegionsOptions,registered,ULINT,src/sln/lib/mobject-graph-vision-pack/Datatypes/Enums/_ETcVnMergeRegionsOptions.TcPOU,,
ETcVnMorphologicalOperator,Enums,_ETcVnMorphologicalOperator,registered,DINT,src/sln/lib/mobject-graph-vision-pack/Datatypes/Enums/_ETcVnMorphologicalOperator.TcPOU,,
ETcVnNbc,Enums,_ETcVnNbc,registered,UDINT,src/sln/lib/mobject-graph-vision-pack/Datatypes/Enums/_ETcVnNbc.TcPOU,,
ETcVnNormalizationType,Enums,_ETcVnNormalizationType,registered,DINT,src/sln/lib/mobject-graph-vision-pack/Datatypes/Enums/_ETcVnNormalizationType.TcPOU,,
ETcVnOcrModelType,Enums,_ETcVnOcrModelType,registered,ULINT,src/sln/lib/mobject-graph-vision-pack/Datatypes/Enums/_ETcVnOcrModelType.TcPOU,,
ETcVnOcrOptions,Enums,_ETcVnOcrOptions,registered,UDINT,src/sln/lib/mobject-graph-vision-pack/Datatypes/Enums/_ETcVnOcrOptions.TcPOU,,
ETcVnOrientationMethod,Enums,_ETcVnOrientationMethod,registered,DINT,src/sln/lib/mobject-graph-vision-pack/Datatypes/Enums/_ETcVnOrientationMethod.TcPOU,,
ETcVnPaddingMode,Enums,_ETcVnPaddingMode,registered,DINT,src/sln/lib/mobject-graph-vision-pack/Datatypes/Enums/_ETcVnPaddingMode.TcPOU,,
ETcVnPixelConnectivity,Enums,_ETcVnPixelConnectivity,registered,DINT,src/sln/lib/mobject-graph-vision-pack/Datatypes/Enums/_ETcVnPixelConnectivity.TcPOU,,
ETcVnPixelEncoding,Enums,_ETcVnPixelEncoding,registered,BYTE,src/sln/lib/mobject-graph-vision-pack/Datatypes/Enums/_ETcVnPixelEncoding.TcPOU,,
ETcVnPixelPackMode,Enums,_ETcVnPixelPackMode,registered,BYTE,src/sln/lib/mobject-graph-vision-pack/Datatypes/Enums/_ETcVnPixelPackMode.TcPOU,,
ETcVnPolarizedImageInterpolation,Enums,_ETcVnPolarizedImageInterpolation,registered,DINT,src/sln/lib/mobject-graph-vision-pack/Datatypes/Enums/_ETcVnPolarizedImageInterpolation.TcPOU,,
ETcVnPrototypeClusterer,Enums,_ETcVnPrototypeClusterer,registered,UDINT,src/sln/lib/mobject-graph-vision-pack/Datatypes/Enums/_ETcVnPrototypeClusterer.TcPOU,,
ETcVnRTrees,Enums,_ETcVnRTrees,registered,UDINT,src/sln/lib/mobject-graph-vision-pack/Datatypes/Enums/_ETcVnRTrees.TcPOU,,
ETcVnRectangleIntersection,Enums,_ETcVnRectangleIntersection,registered,DINT,src/sln/lib/mobject-graph-vision-pack/Datatypes/Enums/_ETcVnRectangleIntersection.TcPOU,,
ETcVnReduceType,Enums,_ETcVnReduceType,registered,DINT,src/sln/lib/mobject-graph-vision-pack/Datatypes/Enums/_ETcVnReduceType.TcPOU,,
ETcVnRotationAngle,Enums,_ETcVnRotationAngle,registered,DINT,src/sln/lib/mobject-graph-vision-pack/Datatypes/Enums/_ETcVnRotationAngle.TcPOU,,
ETcVnSalientFeaturesMethod,Enums,_ETcVnSalientFeaturesMethod,registered,UDINT,src/sln/lib/mobject-graph-vision-pack/Datatypes/Enums/_ETcVnSalientFeaturesMethod.TcPOU,,
ETcVnSignedNormalization,Enums,_ETcVnSignedNormalization,registered,INT,src/sln/lib/mobject-graph-vision-pack/Datatypes/Enums/_ETcVnSignedNormalization.TcPOU,,
ETcVnSolvePnPMethod,Enums,_ETcVnSolvePnPMethod,registered,DINT,src/sln/lib/mobject-graph-vision-pack/Datatypes/Enums/_ETcVnSolvePnPMethod.TcPOU,,
ETcVnSta,Enums,_ETcVnSta,registered,UDINT,src/sln/lib/mobject-graph-vision-pack/Datatypes/Enums/_ETcVnSta.TcPOU,,
ETcVnStructuringElementShape,Enums,_ETcVnStructuringElementShape,registered,DINT,src/sln/lib/mobject-graph-vision-pack/Datatypes/Enums/_ETcVnStructuringElementShape.TcPOU,,
ETcVnSvm,Enums,_ETcVnSvm,registered,UDINT,src/sln/lib/mobject-graph-vision-pack/Datatypes/Enums/_ETcVnSvm.TcPOU,,
ETcVnSvmKernelType,Enums,_ETcVnSvmKernelType,registered,DINT,src/sln/lib/mobject-graph-vision-pack/Datatypes/Enums/_ETcVnSvmKernelType.TcPOU,,
ETcVnSvmSgdClassifierMarginType,Enums,_ETcVnSvmSgdClassifierMarginType,registered,DINT,src/sln/lib/mobject-graph-vision-pack/Datatypes/Enums/_ETcVnSvmSgdClassifierMarginType.TcPOU,,
ETcVnSvmSgdClassifierType,Enums,_ETcVnSvmSgdClassifierType,registered,DINT,src/sln/lib/mobject-graph-vision-pack/Datatypes/Enums/_ETcVnSvmSgdClassifierType.TcPOU,,
ETcVnTemplateMatchMethod,Enums,_ETcVnTemplateMatchMethod,registered,DINT,src/sln/lib/mobject-graph-vision-pack/Datatypes/Enums/_ETcVnTemplateMatchMethod.TcPOU,,
ETcVnThresholdType,Enums,_ETcVnThresholdType,registered,DINT,src/sln/lib/mobject-graph-vision-pack/Datatypes/Enums/_ETcVnThresholdType.TcPOU,,
ETcVnTimestamp,Enums,_ETcVnTimestamp,registered,ULINT,src/sln/lib/mobject-graph-vision-pack/Datatypes/Enums/_ETcVnTimestamp.TcPOU,,
ETcVnVectorCompareMethod,Enums,_ETcVnVectorCompareMethod,registered,DINT,src/sln/lib/mobject-graph-vision-pack/Datatypes/Enums/_ETcVnVectorCompareMethod.TcPOU,,
ETcVnWorldCoordinateSystem,Enums,_ETcVnWorldCoordinateSystem,registered,DINT,src/sln/lib/mobject-graph-vision-pack/Datatypes/Enums/_ETcVnWorldCoordinateSystem.TcPOU,,
ETcWatchdogAccumulationType,Enums,_ETcWatchdogAccumulationType,registered,UINT,src/sln/lib/mobject-graph-vision-pack/Datatypes/Enums/_ETcWatchdogAccumulationType.TcPOU,,
GEV_CAMERA_STATE,Enums,_GEV_CAMERA_STATE,registered,BYTE,src/sln/lib/mobject-graph-vision-pack/Datatypes/Enums/_GEV_CAMERA_STATE.TcPOU,,
GVCP_ADDRESS_VALUE_PAIR,Structs,_GVCP_ADDRESS_VALUE_PAIR,registered,,src/sln/lib/mobject-graph-vision-pack/Datatypes/Structs/_GVCP_ADDRESS_VALUE_PAIR.TcPOU,GVCP_REGISTER_ADDRESS; GVCP_REGISTER_VALUE,
GVCP_REGISTER_ADDRESS,Aliases,_GVCP_REGISTER_ADDRESS,registered,UDINT,src/sln/lib/mobject-graph-vision-pack/Datatypes/Aliases/_GVCP_REGISTER_ADDRESS.TcPOU,,
GVCP_REGISTER_VALUE,Aliases,_GVCP_REGISTER_VALUE,registered,UDINT,src/sln/lib/mobject-graph-vision-pack/Datatypes/Aliases/_GVCP_REGISTER_VALUE.TcPOU,,
GVSP_IMAGE_INFO,Structs,_GVSP_IMAGE_INFO,registered,,src/sln/lib/mobject-graph-vision-pack/Datatypes/Structs/_GVSP_IMAGE_INFO.TcPOU,GVSP_LEADER_PAYLOAD_IMAGE,
GVSP_LEADER_PAYLOAD_IMAGE,Structs,_GVSP_LEADER_PAYLOAD_IMAGE,registered,,src/sln/lib/mobject-graph-vision-pack/Datatypes/Structs/_GVSP_LEADER_PAYLOAD_IMAGE.TcPOU,GVSP_PIXEL_FORMAT,
GVSP_PIXEL_FORMAT,Structs,_GVSP_PIXEL_FORMAT,registered,,src/sln/lib/mobject-graph-vision-pack/Datatypes/Structs/_GVSP_PIXEL_FORMAT.TcPOU,,
TcVnArray10_ITcVnImage,Arrays,_TcVnArray10_ITcVnImage,registered,array [0..9] of ITcVnImage,src/sln/lib/mobject-graph-vision-pack/Datatypes/Aliases/_TcVnArray10_ITcVnImage.TcPOU,ITcVnImage,
TcVnArray33_UDINT,Arrays,_TcVnArray33_UDINT,registered,array [0..32] of UDINT,src/sln/lib/mobject-graph-vision-pack/Datatypes/Aliases/_TcVnArray33_UDINT.TcPOU,,
TcVnArray3_Point2_REAL,Arrays,_TcVnArray3_Point2_REAL,registered,array [0..2] of TcVnPoint2_REAL,src/sln/lib/mobject-graph-vision-pack/Datatypes/Aliases/_TcVnArray3_Point2_REAL.TcPOU,TcVnPoint2_REAL,
TcVnArray4_LREAL,Arrays,_TcVnArray4_LREAL,registered,array [0..3] of LREAL,src/sln/lib/mobject-graph-vision-pack/Datatypes/Aliases/_TcVnArray4_LREAL.TcPOU,,
TcVnArray4_Point2_REAL,Arrays,_TcVnArray4_Point2_REAL,registered,array [0..3] of TcVnPoint2_REAL,src/sln/lib/mobject-graph-vision-pack/Datatypes/Aliases/_TcVnArray4_Point2_REAL.TcPOU,TcVnPoint2_REAL,
TcVnArray7_LREAL,Arrays,_TcVnArray7_LREAL,registered,array [0..6] of LREAL,src/sln/lib/mobject-graph-vision-pack/Datatypes/Aliases/_TcVnArray7_LREAL.TcPOU,,
TcVnArray8_LREAL,Arrays,_TcVnArray8_LREAL,registered,array [0..7] of LREAL,src/sln/lib/mobject-graph-vision-pack/Datatypes/Aliases/_TcVnArray8_LREAL.TcPOU,,
TcVnCameraCalibrationOptions,Structs,_TcVnCameraCalibrationOptions,registered,,src/sln/lib/mobject-graph-vision-pack/Datatypes/Structs/_TcVnCameraCalibrationOptions.TcPOU,,
TcVnCircularArc,Structs,_TcVnCircularArc,registered,,src/sln/lib/mobject-graph-vision-pack/Datatypes/Structs/_TcVnCircularArc.TcPOU,TcVnPoint2_REAL,
TcVnCodeGrades1D,Structs,_TcVnCodeGrades1D,registered,,src/sln/lib/mobject-graph-vision-pack/Datatypes/Structs/_TcVnCodeGrades1D.TcPOU,,
TcVnCodeGradesDM,Structs,_TcVnCodeGradesDM,registered,,src/sln/lib/mobject-graph-vision-pack/Datatypes/Structs/_TcVnCodeGradesDM.TcPOU,,
TcVnCodeGradesQR,Structs,_TcVnCodeGradesQR,registered,,src/sln/lib/mobject-graph-vision-pack/Datatypes/Structs/_TcVnCodeGradesQR.TcPOU,,
TcVnDMatch,Structs,_TcVnDMatch,registered,,src/sln/lib/mobject-graph-vision-pack/Datatypes/Structs/_TcVnDMatch.TcPOU,,
TcVnImageInfo,Structs,_TcVnImageInfo,registered,,src/sln/lib/mobject-graph-vision-pack/Datatypes/Structs/_TcVnImageInfo.TcPOU,TcVnPixelFormat,
TcVnKeyPoint,Structs,_TcVnKeyPoint,registered,,src/sln/lib/mobject-graph-vision-pack/Datatypes/Structs/_TcVnKeyPoint.TcPOU,TcVnPoint2_REAL,
TcVnMatrix,Structs,_TcVnMatrix,excluded_from_build,,src/sln/lib/mobject-graph-vision-pack/Datatypes/Structs/_TcVnMatrix.TcPOU,ETcVnElementType,
TcVnMatrix2x3_LREAL,Arrays,_TcVnMatrix2x3_LREAL,registered,"array [0..1, 0..2] of LREAL",src/sln/lib/mobject-graph-vision-pack/Datatypes/Aliases/_TcVnMatrix2x3_LREAL.TcPOU,,
TcVnMatrix3x3_LREAL,Arrays,_TcVnMatrix3x3_LREAL,registered,"array [0..2, 0..2] of LREAL",src/sln/lib/mobject-graph-vision-pack/Datatypes/Aliases/_TcVnMatrix3x3_LREAL.TcPOU,,
TcVnMoments,Structs,_TcVnMoments,registered,,src/sln/lib/mobject-graph-vision-pack/Datatypes/Structs/_TcVnMoments.TcPOU,,
TcVnParamsAGAST,Structs,_TcVnParamsAGAST,registered,,src/sln/lib/mobject-graph-vision-pack/Datatypes/Structs/_TcVnParamsAGAST.TcPOU,ETcVnKeypointDetectionTypeAGAST,
TcVnParamsAKAZE,Structs,_TcVnParamsAKAZE,registered,,src/sln/lib/mobject-graph-vision-pack/Datatypes/Structs/_TcVnParamsAKAZE.TcPOU,ETcVnDiffusivityTypeKAZE; ETcVnFeatureDescriptorTypeAKAZE,
TcVnParamsBRISK,Structs,_TcVnParamsBRISK,registered,,src/sln/lib/mobject-graph-vision-pack/Datatypes/Structs/_TcVnParamsBRISK.TcPOU,,
TcVnParamsBlobDetection,Structs,_TcVnParamsBlobDetection,registered,,src/sln/lib/mobject-graph-vision-pack/Datatypes/Structs/_TcVnParamsBlobDetection.TcPOU,ETcVnBlobCombination; ETcVnThresholdType,
TcVnParamsFAST,Structs,_TcVnParamsFAST,registered,,src/sln/lib/mobject-graph-vision-pack/Datatypes/Structs/_TcVnParamsFAST.TcPOU,ETcVnKeypointDetectionTypeFAST,
TcVnParamsFindRois,Structs,_TcVnParamsFindRois,registered,,src/sln/lib/mobject-graph-vision-pack/Datatypes/Structs/_TcVnParamsFindRois.TcPOU,TcVnSize2_DINT,
TcVnParamsGFTT,Structs,_TcVnParamsGFTT,registered,,src/sln/lib/mobject-graph-vision-pack/Datatypes/Structs/_TcVnParamsGFTT.TcPOU,,
TcVnParamsKAZE,Structs,_TcVnParamsKAZE,registered,,src/sln/lib/mobject-graph-vision-pack/Datatypes/Structs/_TcVnParamsKAZE.TcPOU,ETcVnDiffusivityTypeKAZE,
TcVnParamsMSER,Structs,_TcVnParamsMSER,registered,,src/sln/lib/mobject-graph-vision-pack/Datatypes/Structs/_TcVnParamsMSER.TcPOU,,
TcVnParamsORB,Structs,_TcVnParamsORB,registered,,src/sln/lib/mobject-graph-vision-pack/Datatypes/Structs/_TcVnParamsORB.TcPOU,ETcVnFeatureScoreTypeORB,
TcVnParamsSB,Structs,_TcVnParamsSB,registered,,src/sln/lib/mobject-graph-vision-pack/Datatypes/Structs/_TcVnParamsSB.TcPOU,,
TcVnParamsWalshBarcodeDetection,Structs,_TcVnParamsWalshBarcodeDetection,registered,,src/sln/lib/mobject-graph-vision-pack/Datatypes/Structs/_TcVnParamsWalshBarcodeDetection.TcPOU,ETcVnInterpolationType,
TcVnPixelFormat,Structs,_TcVnPixelFormat,registered,,src/sln/lib/mobject-graph-vision-pack/Datatypes/Structs/_TcVnPixelFormat.TcPOU,ETcVnPixelEncoding; ETcVnPixelPackMode,
TcVnPoint,Aliases,_TcVnPoint,registered,TcVnPoint2_DINT,src/sln/lib/mobject-graph-vision-pack/Datatypes/Aliases/_TcVnPoint.TcPOU,TcVnPoint2_DINT,
TcVnPoint2_DINT,Aliases,_TcVnPoint2_DINT,registered,TcVnVector2_DINT,src/sln/lib/mobject-graph-vision-pack/Datatypes/Aliases/_TcVnPoint2_DINT.TcPOU,TcVnVector2_DINT,
TcVnPoint2_LREAL,Aliases,_TcVnPoint2_LREAL,registered,TcVnVector2_LREAL,src/sln/lib/mobject-graph-vision-pack/Datatypes/Aliases/_TcVnPoint2_LREAL.TcPOU,TcVnVector2_LREAL,
TcVnPoint2_REAL,Aliases,_TcVnPoint2_REAL,registered,TcVnVector2_REAL,src/sln/lib/mobject-graph-vision-pack/Datatypes/Aliases/_TcVnPoint2_REAL.TcPOU,TcVnVector2_REAL,
TcVnPoint3_LREAL,Aliases,_TcVnPoint3_LREAL,registered,TcVnVector3_LREAL,src/sln/lib/mobject-graph-vision-pack/Datatypes/Aliases/_TcVnPoint3_LREAL.TcPOU,TcVnVector3_LREAL,
TcVnPoint3_REAL,Aliases,_TcVnPoint3_REAL,registered,TcVnVector3_REAL,src/sln/lib/mobject-graph-vision-pack/Datatypes/Aliases/_TcVnPoint3_REAL.TcPOU,TcVnVector3_REAL,
TcVnRectangle,Aliases,_TcVnRectangle,registered,TcVnRectangle_DINT,src/sln/lib/mobject-graph-vision-pack/Datatypes/Aliases/_TcVnRectangle.TcPOU,TcVnRectangle_DINT,
TcVnRectangle_DINT,Structs,_TcVnRectangle_DINT,registered,,src/sln/lib/mobject-graph-vision-pack/Datatypes/Structs/_TcVnRectangle_DINT.TcPOU,,
TcVnRectangle_UDINT,Structs,_TcVnRectangle_UDINT,registered,,src/sln/lib/mobject-graph-vision-pack/Datatypes/Structs/_TcVnRectangle_UDINT.TcPOU,,
TcVnRotatedRectangle,Structs,_TcVnRotatedRectangle,registered,,src/sln/lib/mobject-graph-vision-pack/Datatypes/Structs/_TcVnRotatedRectangle.TcPOU,TcVnPoint2_REAL; TcVnSize2_REAL,
TcVnSize2_DINT,Structs,_TcVnSize2_DINT,registered,,src/sln/lib/mobject-graph-vision-pack/Datatypes/Structs/_TcVnSize2_DINT.TcPOU,,
TcVnSize2_REAL,Structs,_TcVnSize2_REAL,registered,,src/sln/lib/mobject-graph-vision-pack/Datatypes/Structs/_TcVnSize2_REAL.TcPOU,,
TcVnVector2_DINT,Arrays,_TcVnVector2_DINT,registered,array [0..1] of DINT,src/sln/lib/mobject-graph-vision-pack/Datatypes/Aliases/_TcVnVector2_DINT.TcPOU,,
TcVnVector2_INT,Arrays,_TcVnVector2_INT,registered,array [0..1] of INT,src/sln/lib/mobject-graph-vision-pack/Datatypes/Aliases/_TcVnVector2_INT.TcPOU,,
TcVnVector2_LREAL,Arrays,_TcVnVector2_LREAL,registered,array [0..1] of LREAL,src/sln/lib/mobject-graph-vision-pack/Datatypes/Aliases/_TcVnVector2_LREAL.TcPOU,,
TcVnVector2_REAL,Arrays,_TcVnVector2_REAL,registered,array [0..1] of REAL,src/sln/lib/mobject-graph-vision-pack/Datatypes/Aliases/_TcVnVector2_REAL.TcPOU,,
TcVnVector2_SINT,Arrays,_TcVnVector2_SINT,registered,array [0..1] of SINT,src/sln/lib/mobject-graph-vision-pack/Datatypes/Aliases/_TcVnVector2_SINT.TcPOU,,
TcVnVector2_UINT,Arrays,_TcVnVector2_UINT,registered,array [0..1] of UINT,src/sln/lib/mobject-graph-vision-pack/Datatypes/Aliases/_TcVnVector2_UINT.TcPOU,,
TcVnVector2_USINT,Arrays,_TcVnVector2_USINT,registered,array [0..1] of USINT,src/sln/lib/mobject-graph-vision-pack/Datatypes/Aliases/_TcVnVector2_USINT.TcPOU,,
TcVnVector3_INT,Arrays,_TcVnVector3_INT,registered,array [0..2] of INT,src/sln/lib/mobject-graph-vision-pack/Datatypes/Aliases/_TcVnVector3_INT.TcPOU,,
TcVnVector3_LREAL,Arrays,_TcVnVector3_LREAL,registered,array [0..2] of LREAL,src/sln/lib/mobject-graph-vision-pack/Datatypes/Aliases/_TcVnVector3_LREAL.TcPOU,,
TcVnVector3_REAL,Arrays,_TcVnVector3_REAL,registered,array [0..2] of REAL,src/sln/lib/mobject-graph-vision-pack/Datatypes/Aliases/_TcVnVector3_REAL.TcPOU,,
TcVnVector3_SINT,Arrays,_TcVnVector3_SINT,registered,array [0..2] of SINT,src/sln/lib/mobject-graph-vision-pack/Datatypes/Aliases/_TcVnVector3_SINT.TcPOU,,
TcVnVector3_UINT,Arrays,_TcVnVector3_UINT,registered,array [0..2] of UINT,src/sln/lib/mobject-graph-vision-pack/Datatypes/Aliases/_TcVnVector3_UINT.TcPOU,,
TcVnVector3_USINT,Arrays,_TcVnVector3_USINT,registered,array [0..2] of USINT,src/sln/lib/mobject-graph-vision-pack/Datatypes/Aliases/_TcVnVector3_USINT.TcPOU,,
TcVnVector4_DINT,Arrays,_TcVnVector4_DINT,registered,array [0..3] of DINT,src/sln/lib/mobject-graph-vision-pack/Datatypes/Aliases/_TcVnVector4_DINT.TcPOU,,
TcVnVector4_INT,Arrays,_TcVnVector4_INT,registered,array [0..3] of INT,src/sln/lib/mobject-graph-vision-pack/Datatypes/Aliases/_TcVnVector4_INT.TcPOU,,
TcVnVector4_LREAL,Arrays,_TcVnVector4_LREAL,registered,array [0..3] of LREAL,src/sln/lib/mobject-graph-vision-pack/Datatypes/Aliases/_TcVnVector4_LREAL.TcPOU,,
TcVnVector4_REAL,Arrays,_TcVnVector4_REAL,registered,array [0..3] of REAL,src/sln/lib/mobject-graph-vision-pack/Datatypes/Aliases/_TcVnVector4_REAL.TcPOU,,
TcVnVector4_SINT,Arrays,_TcVnVector4_SINT,registered,array [0..3] of SINT,src/sln/lib/mobject-graph-vision-pack/Datatypes/Aliases/_TcVnVector4_SINT.TcPOU,,
TcVnVector4_UINT,Arrays,_TcVnVector4_UINT,registered,array [0..3] of UINT,src/sln/lib/mobject-graph-vision-pack/Datatypes/Aliases/_TcVnVector4_UINT.TcPOU,,
TcVnVector4_USINT,Arrays,_TcVnVector4_USINT,registered,array [0..3] of USINT,src/sln/lib/mobject-graph-vision-pack/Datatypes/Aliases/_TcVnVector4_USINT.TcPOU,,
