api_interface,wrapper,status,scope,source,description,methods
ITcIoFileImageAcquisition,_ITcIoFileImageAcquisition,missing,advanced_device_export_or_interface_method_access,,Extends ITcIoImageAcquisition; Interface for file image acquisition.,CheckConnection(): HRESULT; TriggerImage(nSkipImages: DINT [In]): HRESULT; TriggerImageByName(sImageName: STRING [In]): HRESULT
ITcIoFileImageRecv,_ITcIoFileImageRecv,missing,advanced_device_export_or_interface_method_access,,Extends ITcIoImageRecv; Interface for a image receiver.,ReceiveImage(ipImage: ITcVnImageBase [In]; sFileName: STRING [In]; hrAcquisitionResult: HRESULT [In]): HRESULT
ITcIoGevImage,_ITcIoGevImage,missing,advanced_device_export_or_interface_method_access,,Extends ITcVnImageBase; Interface for GigE Vision images.,CheckIfCopy(): HRESULT; DecreaseHeight(nNewHeight: UDINT [In]): HRESULT; GetBlockId(nBlockId: Reference To ULINT [In]): HRESULT; GetGevStatus(nGevStatus: Reference To UINT [In]): HRESULT; GetGvspImageInfo(ppGvspImageInfo: Pointer To Pointer To GVSP_IMAGE_INFO [In]): HRESULT; SetGevStatus(nGevStatus: UINT [In]): HRESULT
ITcIoGevImageAcquisition,_ITcIoGevImageAcquisition,missing,advanced_device_export_or_interface_method_access,,Extends ITcIoImageAcquisition; Interface for GigE Vision image acquisition.,CheckConnection(eAssumedState: Reference To GEV_CAMERA_STATE [In]; eActualState: Reference To GEV_CAMERA_STATE [In]): HRESULT
ITcIoImageAcquisition,_ITcIoImageAcquisition,missing,advanced_device_export_or_interface_method_access,,Extends ITcUnknown; Interface for image acquisition.,RegisterReceiver(ipRecv: ITcIoImageRecv [In]): HRESULT; UnregisterReceiver(): HRESULT; OpenCamera(): HRESULT; CloseCamera(): HRESULT; StartAcquisition(): HRESULT; StopAcquisition(): HRESULT; SoftwareTrigger(bSplitConcatenatedCommands: BOOL [In]; bOmitAcknowledgement: BOOL [In]): HRESULT; InitializeCamera(): HRESULT
ITcIoImageRecv,_ITcIoImageRecv,missing,advanced_device_export_or_interface_method_access,,Extends ITcUnknown; Interface for a image receiver.,ReceiveImage(ipImage: ITcVnImageBase [In]; hrAcquisitionResult: HRESULT [In]): HRESULT; ReceiveOpResult(hrOperationResult: HRESULT [In]): HRESULT
ITcSerializableNotification,_ITcSerializableNotification,missing,advanced_device_export_or_interface_method_access,,Extends ITcUnknown; Interface required for sending serialized objects as ADS notifications.,GetComparisonValue(nComparisonValue: Reference To LINT [In]): HRESULT; SerializeRpcUnlocked(nBufferSize: Reference To ULINT [In]; pDestBuffer: PVOID [In]): HRESULT
ITcVnAccess_DINT,_ITcVnAccess_DINT,missing,typed_access_adapter; most operations also exposed by F_VN nodes,,Extends ITcUnknown; Offers an access interface for DINT values.,Get(nValue: Reference To DINT [In]): HRESULT; Set(nValue: DINT [In]): HRESULT
ITcVnAccess_INT,_ITcVnAccess_INT,missing,typed_access_adapter; most operations also exposed by F_VN nodes,,Extends ITcUnknown; Offers an access interface for INT values.,Get(nValue: Reference To INT [In]): HRESULT; Set(nValue: INT [In]): HRESULT
ITcVnAccess_ITcVnImage,_ITcVnAccess_ITcVnImage,missing,typed_access_adapter; most operations also exposed by F_VN nodes,,Extends ITcUnknown; Offers an access interface for images.,Get(ipImage: Reference To ITcVnImage [In]): HRESULT; Set(ipImage: ITcVnImage [In]): HRESULT
ITcVnAccess_LREAL,_ITcVnAccess_LREAL,missing,typed_access_adapter; most operations also exposed by F_VN nodes,,Extends ITcUnknown; Offers an access interface for LREAL values.,Get(fValue: Reference To LREAL [In]): HRESULT; Set(fValue: LREAL [In]): HRESULT
ITcVnAccess_REAL,_ITcVnAccess_REAL,missing,typed_access_adapter; most operations also exposed by F_VN nodes,,Extends ITcUnknown; Offers an access interface for REAL values.,Get(fValue: Reference To REAL [In]): HRESULT; Set(fValue: REAL [In]): HRESULT
ITcVnAccess_SINT,_ITcVnAccess_SINT,missing,typed_access_adapter; most operations also exposed by F_VN nodes,,Extends ITcUnknown; Offers an access interface for SINT values.,Get(nValue: Reference To SINT [In]): HRESULT; Set(nValue: SINT [In]): HRESULT
ITcVnAccess_TcVnDMatch,_ITcVnAccess_TcVnDMatch,missing,typed_access_adapter; most operations also exposed by F_VN nodes,,Extends ITcUnknown; Offers an access interface for TcVnDMatch values.,Get(stDMatch: Reference To TcVnDMatch [In]): HRESULT; Set(stDMatch: Reference To TcVnDMatch [In]): HRESULT
ITcVnAccess_TcVnKeyPoint,_ITcVnAccess_TcVnKeyPoint,missing,typed_access_adapter; most operations also exposed by F_VN nodes,,Extends ITcUnknown; Offers an access interface for TcVnKeyPoint values.,Get(stKeyPoint: Reference To TcVnKeyPoint [In]): HRESULT; Set(stKeyPoint: Reference To TcVnKeyPoint [In]): HRESULT
ITcVnAccess_TcVnPoint2_DINT,_ITcVnAccess_TcVnPoint2_DINT,missing,typed_access_adapter; most operations also exposed by F_VN nodes,,Extends ITcUnknown; Offers an access interface for TcVnPoint2_DINT values.,Get(aPoint: Reference To TcVnPoint2_DINT [In]): HRESULT; Set(aPoint: Reference To TcVnPoint2_DINT [In]): HRESULT
ITcVnAccess_TcVnPoint2_LREAL,_ITcVnAccess_TcVnPoint2_LREAL,missing,typed_access_adapter; most operations also exposed by F_VN nodes,,Extends ITcUnknown; Offers an access interface for TcVnPoint2_LREAL values.,Get(aPoint: Reference To TcVnPoint2_LREAL [In]): HRESULT; Set(aPoint: Reference To TcVnPoint2_LREAL [In]): HRESULT
ITcVnAccess_TcVnPoint2_REAL,_ITcVnAccess_TcVnPoint2_REAL,missing,typed_access_adapter; most operations also exposed by F_VN nodes,,Extends ITcUnknown; Offers an access interface for TcVnPoint2_REAL values.,Get(aPoint: Reference To TcVnPoint2_REAL [In]): HRESULT; Set(aPoint: Reference To TcVnPoint2_REAL [In]): HRESULT
ITcVnAccess_TcVnPoint3_LREAL,_ITcVnAccess_TcVnPoint3_LREAL,missing,typed_access_adapter; most operations also exposed by F_VN nodes,,Extends ITcUnknown; Offers an access interface for TcVnPoint3_LREAL values.,Get(aPoint: Reference To TcVnPoint3_LREAL [In]): HRESULT; Set(aPoint: Reference To TcVnPoint3_LREAL [In]): HRESULT
ITcVnAccess_TcVnPoint3_REAL,_ITcVnAccess_TcVnPoint3_REAL,missing,typed_access_adapter; most operations also exposed by F_VN nodes,,Extends ITcUnknown; Offers an access interface for TcVnPoint3_REAL values.,Get(aPoint: Reference To TcVnPoint3_REAL [In]): HRESULT; Set(aPoint: Reference To TcVnPoint3_REAL [In]): HRESULT
ITcVnAccess_TcVnRectangle_DINT,_ITcVnAccess_TcVnRectangle_DINT,missing,typed_access_adapter; most operations also exposed by F_VN nodes,,Extends ITcUnknown; Offers an access interface for TcVnRectangle_DINT values.,Get(stRectangle: Reference To TcVnRectangle_DINT [In]): HRESULT; Set(stRectangle: Reference To TcVnRectangle_DINT [In]): HRESULT
ITcVnAccess_TcVnRotatedRectangle,_ITcVnAccess_TcVnRotatedRectangle,missing,typed_access_adapter; most operations also exposed by F_VN nodes,,Extends ITcUnknown; Offers an access interface for TcVnRotatedRectangle values.,Get(stRectangle: Reference To TcVnRotatedRectangle [In]): HRESULT; Set(stRectangle: Reference To TcVnRotatedRectangle [In]): HRESULT
ITcVnAccess_TcVnVector2_DINT,_ITcVnAccess_TcVnVector2_DINT,missing,typed_access_adapter; most operations also exposed by F_VN nodes,,Extends ITcUnknown; Offers an access interface for TcVnVector2_DINT values.,Get(aVector: Reference To TcVnVector2_DINT [In]): HRESULT; Set(aVector: Reference To TcVnVector2_DINT [In]): HRESULT
ITcVnAccess_TcVnVector2_INT,_ITcVnAccess_TcVnVector2_INT,missing,typed_access_adapter; most operations also exposed by F_VN nodes,,Extends ITcUnknown; Offers an access interface for TcVnVector2_INT values.,Get(aVector: Reference To TcVnVector2_INT [In]): HRESULT; Set(aVector: Reference To TcVnVector2_INT [In]): HRESULT
ITcVnAccess_TcVnVector2_REAL,_ITcVnAccess_TcVnVector2_REAL,missing,typed_access_adapter; most operations also exposed by F_VN nodes,,Extends ITcUnknown; Offers an access interface for TcVnVector2_REAL values.,Get(aVector: Reference To TcVnVector2_REAL [In]): HRESULT; Set(aVector: Reference To TcVnVector2_REAL [In]): HRESULT
ITcVnAccess_TcVnVector2_SINT,_ITcVnAccess_TcVnVector2_SINT,missing,typed_access_adapter; most operations also exposed by F_VN nodes,,Extends ITcUnknown; Offers an access interface for TcVnVector2_SINT values.,Get(aVector: Reference To TcVnVector2_SINT [In]): HRESULT; Set(aVector: Reference To TcVnVector2_SINT [In]): HRESULT
ITcVnAccess_TcVnVector2_UINT,_ITcVnAccess_TcVnVector2_UINT,missing,typed_access_adapter; most operations also exposed by F_VN nodes,,Extends ITcUnknown; Offers an access interface for TcVnVector2_UINT values.,Get(aVector: Reference To TcVnVector2_UINT [In]): HRESULT; Set(aVector: Reference To TcVnVector2_UINT [In]): HRESULT
ITcVnAccess_TcVnVector2_USINT,_ITcVnAccess_TcVnVector2_USINT,missing,typed_access_adapter; most operations also exposed by F_VN nodes,,Extends ITcUnknown; Offers an access interface for TcVnVector2_USINT values.,Get(aVector: Reference To TcVnVector2_USINT [In]): HRESULT; Set(aVector: Reference To TcVnVector2_USINT [In]): HRESULT
ITcVnAccess_TcVnVector3_INT,_ITcVnAccess_TcVnVector3_INT,missing,typed_access_adapter; most operations also exposed by F_VN nodes,,Extends ITcUnknown; Offers an access interface for TcVnVector3_INT values.,Get(aVector: Reference To TcVnVector3_INT [In]): HRESULT; Set(aVector: Reference To TcVnVector3_INT [In]): HRESULT
ITcVnAccess_TcVnVector3_REAL,_ITcVnAccess_TcVnVector3_REAL,missing,typed_access_adapter; most operations also exposed by F_VN nodes,,Extends ITcUnknown; Offers an access interface for TcVnVector3_REAL values.,Get(aVector: Reference To TcVnVector3_REAL [In]): HRESULT; Set(aVector: Reference To TcVnVector3_REAL [In]): HRESULT
ITcVnAccess_TcVnVector3_SINT,_ITcVnAccess_TcVnVector3_SINT,missing,typed_access_adapter; most operations also exposed by F_VN nodes,,Extends ITcUnknown; Offers an access interface for TcVnVector3_SINT values.,Get(aVector: Reference To TcVnVector3_SINT [In]): HRESULT; Set(aVector: Reference To TcVnVector3_SINT [In]): HRESULT
ITcVnAccess_TcVnVector3_UINT,_ITcVnAccess_TcVnVector3_UINT,missing,typed_access_adapter; most operations also exposed by F_VN nodes,,Extends ITcUnknown; Offers an access interface for TcVnVector3_UINT values.,Get(aVector: Reference To TcVnVector3_UINT [In]): HRESULT; Set(aVector: Reference To TcVnVector3_UINT [In]): HRESULT
ITcVnAccess_TcVnVector3_USINT,_ITcVnAccess_TcVnVector3_USINT,missing,typed_access_adapter; most operations also exposed by F_VN nodes,,Extends ITcUnknown; Offers an access interface for TcVnVector3_USINT values.,Get(aVector: Reference To TcVnVector3_USINT [In]): HRESULT; Set(aVector: Reference To TcVnVector3_USINT [In]): HRESULT
ITcVnAccess_TcVnVector4_DINT,_ITcVnAccess_TcVnVector4_DINT,missing,typed_access_adapter; most operations also exposed by F_VN nodes,,Extends ITcUnknown; Offers an access interface for TcVnVector4_DINT values.,Get(aVector: Reference To TcVnVector4_DINT [In]): HRESULT; Set(aVector: Reference To TcVnVector4_DINT [In]): HRESULT
ITcVnAccess_TcVnVector4_INT,_ITcVnAccess_TcVnVector4_INT,missing,typed_access_adapter; most operations also exposed by F_VN nodes,,Extends ITcUnknown; Offers an access interface for TcVnVector4_INT values.,Get(aVector: Reference To TcVnVector4_INT [In]): HRESULT; Set(aVector: Reference To TcVnVector4_INT [In]): HRESULT
ITcVnAccess_TcVnVector4_LREAL,_ITcVnAccess_TcVnVector4_LREAL,missing,typed_access_adapter; most operations also exposed by F_VN nodes,,Extends ITcUnknown; Offers an access interface for TcVnVector4_LREAL values.,Get(aVector: Reference To TcVnVector4_LREAL [In]): HRESULT; Set(aVector: Reference To TcVnVector4_LREAL [In]): HRESULT
ITcVnAccess_TcVnVector4_REAL,_ITcVnAccess_TcVnVector4_REAL,missing,typed_access_adapter; most operations also exposed by F_VN nodes,,Extends ITcUnknown; Offers an access interface for TcVnVector4_REAL values.,Get(aVector: Reference To TcVnVector4_REAL [In]): HRESULT; Set(aVector: Reference To TcVnVector4_REAL [In]): HRESULT
ITcVnAccess_TcVnVector4_SINT,_ITcVnAccess_TcVnVector4_SINT,missing,typed_access_adapter; most operations also exposed by F_VN nodes,,Extends ITcUnknown; Offers an access interface for TcVnVector4_SINT values.,Get(aVector: Reference To TcVnVector4_SINT [In]): HRESULT; Set(aVector: Reference To TcVnVector4_SINT [In]): HRESULT
ITcVnAccess_TcVnVector4_UINT,_ITcVnAccess_TcVnVector4_UINT,missing,typed_access_adapter; most operations also exposed by F_VN nodes,,Extends ITcUnknown; Offers an access interface for TcVnVector4_UINT values.,Get(aVector: Reference To TcVnVector4_UINT [In]): HRESULT; Set(aVector: Reference To TcVnVector4_UINT [In]): HRESULT
ITcVnAccess_TcVnVector4_USINT,_ITcVnAccess_TcVnVector4_USINT,missing,typed_access_adapter; most operations also exposed by F_VN nodes,,Extends ITcUnknown; Offers an access interface for TcVnVector4_USINT values.,Get(aVector: Reference To TcVnVector4_USINT [In]): HRESULT; Set(aVector: Reference To TcVnVector4_USINT [In]): HRESULT
ITcVnAccess_UDINT,_ITcVnAccess_UDINT,missing,typed_access_adapter; most operations also exposed by F_VN nodes,,Extends ITcUnknown; Offers an access interface for UDINT values.,Get(nValue: Reference To UDINT [In]): HRESULT; Set(nValue: UDINT [In]): HRESULT
ITcVnAccess_UINT,_ITcVnAccess_UINT,missing,typed_access_adapter; most operations also exposed by F_VN nodes,,Extends ITcUnknown; Offers an access interface for UINT values.,Get(nValue: Reference To UINT [In]): HRESULT; Set(nValue: UINT [In]): HRESULT
ITcVnAccess_ULINT,_ITcVnAccess_ULINT,missing,typed_access_adapter; most operations also exposed by F_VN nodes,,Extends ITcUnknown; Offers an access interface for ULINT values.,Get(nValue: Reference To ULINT [In]): HRESULT; Set(nValue: ULINT [In]): HRESULT
ITcVnAccess_USINT,_ITcVnAccess_USINT,missing,typed_access_adapter; most operations also exposed by F_VN nodes,,Extends ITcUnknown; Offers an access interface for USINT values.,Get(nValue: Reference To USINT [In]): HRESULT; Set(nValue: USINT [In]): HRESULT
ITcVnBidirectionalIterator,_ITcVnBidirectionalIterator,unregistered,function_parameter; implement graph datatype for function coverage,src/sln/lib/mobject-graph-vision-pack/Datatypes/Interfaces/Containers/Iterators/ITcVnBidirectionalIterator/_ITcVnBidirectionalIterator.TcPOU,Extends ITcVnForwardIterator; Offers an interface for a bidirectional iterator.,Decrement(): HRESULT
ITcVnBitmapExport,_ITcVnBitmapExport,missing,function_parameter; implement graph datatype for function coverage,,Extends ITcUnknown; Interface for exporting an image as a Windows Bitmap (BMP).,GetBitmapSize(nBitmapSize: Reference To ULINT [In]; nBitmapWidth: Reference To UDINT [In]; nBitmapHeight: Reference To UDINT [In]): HRESULT; GetBitmapImage(nBitmapSize: Reference To ULINT [In]; pDestBuffer: PVOID [In]; nBitmapWidth: Reference To UDINT [In]; nBitmapHeight: Reference To UDINT [In]): HRESULT
ITcVnBitmapExportNotification,_ITcVnBitmapExportNotification,missing,advanced_device_export_or_interface_method_access,,Extends ITcUnknown; Interface required for sending displayable images as ADS notifications,GetTimestamp(nTimestamp: Reference To LINT [In]): HRESULT; GetBitmapImageRpcUnlocked(nBitmapSize: Reference To ULINT [In]; pDestBuffer: PVOID [In]; nBitmapWidth: Reference To UDINT [In]; nBitmapHeight: Reference To UDINT [In]): HRESULT
ITcVnBitmapExportRpcUnlocked,_ITcVnBitmapExportRpcUnlocked,missing,advanced_device_export_or_interface_method_access,,Extends ITcVnBitmapExport; Interface to export an image as a Windows Bitmap (BMP) into a given buffer by means of an unlocked remote procedure call.,GetBitmapImageRpcUnlocked(nBitmapSize: Reference To ULINT [In]; pDestBuffer: PVOID [In]; nBitmapWidth: Reference To UDINT [In]; nBitmapHeight: Reference To UDINT [In]): HRESULT
ITcVnColorModel,_ITcVnColorModel,missing,function_parameter; implement graph datatype for function coverage,,Extends ITcVnMlModel; Interface to train and classify an image color.,TrainImageColor(ipSrcImage: ITcVnImage [In]; nDifferentColors: UDINT [In]; ipMask: ITcVnImage [In]; nSkipPixels: UDINT [In]): HRESULT; ClassifyImageColor(ipSrcImage: ITcVnImage [In]; pipDestImage: Pointer To ITcVnImage [In]; fVariance: REAL [In]; fLuminanceWeight: REAL [In]): HRESULT
ITcVnContainer,_ITcVnContainer,registered,function_parameter; implement graph datatype for function coverage,src/sln/lib/mobject-graph-vision-pack/Datatypes/Interfaces/Containers/ITcVnContainer/_ITcVnContainer.TcPOU,Extends ITcUnknown; Offers an interface for an object container.,CheckIfBasicContainer(): HRESULT; CheckIfEmpty(): HRESULT; GetBidirectionalIterator(pipIterator: Pointer To ITcVnBidirectionalIterator [In]): HRESULT; GetElementNum(nElementNum: Reference To ULINT [In]): HRESULT; GetElementSize(nSize: Reference To ULINT [In]): HRESULT; GetElementTypeGuid(nTypeGuid: Reference To GUID [In]): HRESULT; GetExportSize(nExportSize: Reference To ULINT [In]): HRESULT; GetForwardIterator(pipIterator: Pointer To ITcVnForwardIterator [In]): HRESULT; GetRandomAccessIterator(pipIterator: Pointer To ITcVnRandomAccessIterator [In]): HRESULT; GetTypeGuid(nTypeGuid: Reference To GUID [In]): HRESULT; GetTypeName(sTypeName: STRING [In]; nMaxLen: UINT [In]): HRESULT
ITcVnCustomContainerOperation_ITcVnContainer,_ITcVnCustomContainerOperation_ITcVnContainer,missing,function_parameter; implement graph datatype for function coverage,,"Offers an interface for custom, elementwise container operations (for containers of containers) with up to 3 different containers.",Execute(ipElement1: ITcVnContainer [In]; ipElement2: ITcVnContainer [In]; ipElement3: ITcVnContainer [In]): HRESULT
ITcVnCustomContainerOperation_ITcVnForwardIterator,_ITcVnCustomContainerOperation_ITcVnForwardIterator,missing,function_parameter; implement graph datatype for function coverage,,"Offers an interface for custom, elementwise container operations with up to 3 different containers.",Execute(ipElement1: ITcVnForwardIterator [In]; ipElement2: ITcVnForwardIterator [In]; ipElement3: ITcVnForwardIterator [In]): HRESULT
ITcVnCustomElementCondition_ITcVnContainer,_ITcVnCustomElementCondition_ITcVnContainer,missing,function_parameter; implement graph datatype for function coverage,,Offers an interface for a custom condition computed for a container.,Condition(ipElement: ITcVnContainer [In]): BOOL
ITcVnCustomElementCondition_ITcVnForwardIterator,_ITcVnCustomElementCondition_ITcVnForwardIterator,missing,function_parameter; implement graph datatype for function coverage,,Offers an interface for a custom condition computed for an element represented by an ITcVnForwardIterator.,Condition(ipElement: ITcVnForwardIterator [In]): BOOL
ITcVnData,_ITcVnData,missing,advanced_device_export_or_interface_method_access,,Extends ITcUnknown; Interface for accessing data.,CheckIfCopy(): HRESULT; CheckIfImage(): HRESULT; GetSize(nSize: Reference To ULINT [In]): HRESULT; CheckDataPointer(): HRESULT; GetDataPointer(ppData: Pointer To PVOID [In]): HRESULT; ReleaseDataPointer(ppData: Pointer To PVOID [In]): HRESULT
ITcVnDataExport,_ITcVnDataExport,missing,function_parameter; implement graph datatype for function coverage,,Extends ITcUnknown; Interface for exporting binary data.,GetSize(nSize: Reference To ULINT [In]): HRESULT; GetData(nSize: Reference To ULINT [In]; pDestBuffer: PVOID [In]): HRESULT; GetDataIfNew(nSize: Reference To ULINT [In]; pDestBuffer: PVOID [In]): HRESULT
ITcVnDataExportRpcUnlocked,_ITcVnDataExportRpcUnlocked,missing,advanced_device_export_or_interface_method_access,,Extends ITcVnDataExport; Interface for exporting binary data by means of an unlocked remote procedure call.,GetDataRpcUnlocked(nSize: Reference To ULINT [In]; pDestBuffer: PVOID [In]): HRESULT; GetDataIfNewRpcUnlocked(nSize: Reference To ULINT [In]; pDestBuffer: PVOID [In]): HRESULT
ITcVnDisplayableImage,_ITcVnDisplayableImage,registered,function_parameter; implement graph datatype for function coverage,src/sln/lib/mobject-graph-vision-pack/Datatypes/Interfaces/Images/ITcVnDisplayableImage/_ITcVnDisplayableImage.TcPOU,Extends ITcUnknown; Interface for displayable images.,
ITcVnFileImageProvider,_ITcVnFileImageProvider,missing,advanced_device_export_or_interface_method_access,,Extends ITcVnImageProvider; Interface for an image provider for images from outside realtime environment.,GetCurrentImageAndFileName(pipImage: Pointer To ITcVnImage [In]; sFileName: STRING [In]; nMaxLen: UINT [In]): HRESULT; TriggerImage(nSkipImages: DINT [In]): HRESULT; TriggerImageByName(sImageName: STRING [In]): HRESULT
ITcVnForwardIterator,_ITcVnForwardIterator,missing,function_parameter; implement graph datatype for function coverage,,Extends ITcVnIteratorBase; Offers an interface for a forward iterator.,CheckIfEqualTo(ipIterator: ITcVnForwardIterator [In]): HRESULT; GetContainer(pipContainer: Pointer To ITcVnContainer [In]): HRESULT; Increment(): HRESULT; SetContainer(ipContainer: ITcVnContainer [In]): HRESULT
ITcVnGevImageProvider,_ITcVnGevImageProvider,missing,advanced_device_export_or_interface_method_access,,Extends ITcVnImageProvider; Interface for a GigE Vision image provider.,GetCurrentGevImage(pipGevImage: Pointer To ITcIoGevImage [In]): HRESULT; GetCurrentImageWithGvspInfo(pipImage: Pointer To ITcVnImage [In]; stGvspInfo: Reference To GVSP_IMAGE_INFO [In]): HRESULT
ITcVnHistogramExport,_ITcVnHistogramExport,missing,advanced_device_export_or_interface_method_access,,Extends ITcUnknown; Interface for exporting a histogram for an image as an array.,GetHistogramSize(nHistogramSize: Reference To ULINT [In]): HRESULT; GetHistogramArray(nHistogramSize: Reference To ULINT [In]; pDestBuffer: PVOID [In]): HRESULT; GetCustomHistogramSize(nHistogramSize: Reference To ULINT [In]; nBins: Reference To UDINT [In]): HRESULT; GetCustomHistogramArray(nHistogramSize: Reference To ULINT [In]; pDestBuffer: PVOID [In]; nBins: Reference To UDINT [In]; fLowerBound: Reference To LREAL [In]; fUpperBound: Reference To LREAL [In]): HRESULT
ITcVnImage,_ITcVnImage,registered,function_parameter; implement graph datatype for function coverage,src/sln/lib/mobject-graph-vision-pack/Datatypes/Interfaces/Images/ITcVnImage/_ITcVnImage.TcPOU,Extends ITcVnImageBase; Basic interface for images.,Init(ipImageBase: ITcVnImageBase [In]): HRESULT; GetRowPointer(nRowIndex: UDINT [In]; ppRow: Pointer To PVOID [In]): HRESULT; ReleaseRowPointer(ppRow: Pointer To PVOID [In]): HRESULT
ITcVnImageBase,_ITcVnImageBase,missing,advanced_device_export_or_interface_method_access,,Extends ITcUnknown; Base interface for all image types.,GetImageData(pipImageData: Pointer To ITcVnData [In]): HRESULT; GetImageSize(nSize: Reference To ULINT [In]): HRESULT; GetWidth(nWidth: Reference To UDINT [In]): HRESULT; GetHeight(nHeight: Reference To UDINT [In]): HRESULT; GetXPadding(nXPadding: Reference To UINT [In]): HRESULT; GetYPadding(nYPadding: Reference To UINT [In]): HRESULT; GetPixelFormat(stPixelFormat: Reference To TcVnPixelFormat [In]): HRESULT; GetImageInfo(stImageInfo: Reference To TcVnImageInfo [In]): HRESULT
ITcVnImageProvider,_ITcVnImageProvider,missing,advanced_device_export_or_interface_method_access,,Extends ITcUnknown; Interface for an image provider.,CheckIfBusy(): HRESULT; CheckIfCameraConnected(): HRESULT; GetCurrentImage(pipImage: Pointer To ITcVnImage [In]): HRESULT; GetError(): HRESULT; OpenCamera(): HRESULT; CloseCamera(): HRESULT; StartAcquisition(): HRESULT; StopAcquisition(): HRESULT; SoftwareTrigger(): HRESULT; InitializeCamera(): HRESULT
ITcVnImageTimestamps,_ITcVnImageTimestamps,missing,advanced_device_export_or_interface_method_access,,Extends ITcUnknown; Interface for reading image timestamps.,GetTimestamps(nTimestamps: ULINT [In]; nArraySize: UDINT [In]; pTimestamps: Pointer To LINT [In]): HRESULT
ITcVnIteratorBase,_ITcVnIteratorBase,missing,iterator_foundation,,Extends ITcUnknown; Offers a base interface for iterators,CheckIfBegin(): HRESULT; CheckIfEnd(): HRESULT; GetValueSize(nSize: Reference To ULINT [In]): HRESULT; GetValueTypeGuid(nTypeGuid: Reference To GUID [In]): HRESULT; SetToBegin(): HRESULT; SetToEnd(): HRESULT
ITcVnIteratorCopyCreator,_ITcVnIteratorCopyCreator,missing,iterator_foundation,,Extends ITcUnknown; Offers an interface providing a method for creating a new iterator to the same position.,Create(pipIterator: Pointer To ITcVnForwardIterator [In]): HRESULT
ITcVnMlModel,_ITcVnMlModel,missing,function_parameter; implement graph datatype for function coverage,,Extends ITcUnknown; Interface for a machine learning model.,GetTypeGuid(nTypeGuid: Reference To GUID [In]): HRESULT; GetTypeName(sTypeName: STRING [In]; nMaxLen: UINT [In]): HRESULT
ITcVnNeuralNetwork,_ITcVnNeuralNetwork,missing,function_parameter; implement graph datatype for function coverage,,Extends ITcVnMlModel; Interface for neural networks.,Execute(ipSrcImage: ITcVnImage [In]; pipDestImage: Pointer To ITcVnImage [In]): HRESULT; Execute_SingleLayerOutput(ipSrcImage: ITcVnImage [In]; pipDestImage: Pointer To ITcVnImage [In]; sLayerName: STRING [In]): HRESULT; Execute_MultiLayerOutput(ipSrcImage: ITcVnImage [In]; pipDestImages: Pointer To ITcVnContainer [In]; ipLayerNames: ITcVnContainer [In]): HRESULT; GetLayerNames(pipLayerNames: Pointer To ITcVnContainer [In]; bOnlyOutputs: BOOL [In]): HRESULT
ITcVnRandomAccessIterator,_ITcVnRandomAccessIterator,missing,function_parameter; implement graph datatype for function coverage,,Extends ITcVnBidirectionalIterator; Offers an interface for a random access iterator.,CheckIfGreaterThan(ipIterator: ITcVnRandomAccessIterator [In]): HRESULT; CheckIfLessThan(ipIterator: ITcVnRandomAccessIterator [In]): HRESULT; GetContainerAt(nOffset: LINT [In]; pipContainer: Pointer To ITcVnContainer [In]): HRESULT; SetContainerAt(nOffset: LINT [In]; ipContainer: ITcVnContainer [In]): HRESULT
ITcVnRandomAccess_DINT,_ITcVnRandomAccess_DINT,missing,typed_access_adapter; most operations also exposed by F_VN nodes,,Extends ITcVnAccess_DINT; Offers a random access interface for DINT values.,GetAt(nOffset: LINT [In]; nValue: Reference To DINT [In]): HRESULT; SetAt(nOffset: LINT [In]; nValue: DINT [In]): HRESULT
ITcVnRandomAccess_INT,_ITcVnRandomAccess_INT,missing,typed_access_adapter; most operations also exposed by F_VN nodes,,Extends ITcVnAccess_INT; Offers a random access interface for INT values,GetAt(nOffset: LINT [In]; nValue: Reference To INT [In]): HRESULT; SetAt(nOffset: LINT [In]; nValue: INT [In]): HRESULT
ITcVnRandomAccess_ITcVnImage,_ITcVnRandomAccess_ITcVnImage,missing,typed_access_adapter; most operations also exposed by F_VN nodes,,Extends ITcVnAccess_ITcVnImage; Offers an random access interface for images.,GetAt(nOffset: LINT [In]; ipImage: Reference To ITcVnImage [In]): HRESULT; SetAt(nOffset: LINT [In]; ipImage: ITcVnImage [In]): HRESULT
ITcVnRandomAccess_LREAL,_ITcVnRandomAccess_LREAL,missing,typed_access_adapter; most operations also exposed by F_VN nodes,,Extends ITcVnAccess_LREAL; Offers a random access interface for LREAL values.,GetAt(nOffset: LINT [In]; fValue: Reference To LREAL [In]): HRESULT; SetAt(nOffset: LINT [In]; fValue: LREAL [In]): HRESULT
ITcVnRandomAccess_REAL,_ITcVnRandomAccess_REAL,missing,typed_access_adapter; most operations also exposed by F_VN nodes,,Extends ITcVnAccess_REAL; Offers a random access interface for REAL values.,GetAt(nOffset: LINT [In]; fValue: Reference To REAL [In]): HRESULT; SetAt(nOffset: LINT [In]; fValue: REAL [In]): HRESULT
ITcVnRandomAccess_SINT,_ITcVnRandomAccess_SINT,missing,typed_access_adapter; most operations also exposed by F_VN nodes,,Extends ITcVnAccess_SINT; Offers a random access interface for SINT values,GetAt(nOffset: LINT [In]; nValue: Reference To SINT [In]): HRESULT; SetAt(nOffset: LINT [In]; nValue: SINT [In]): HRESULT
ITcVnRandomAccess_TcVnDMatch,_ITcVnRandomAccess_TcVnDMatch,missing,typed_access_adapter; most operations also exposed by F_VN nodes,,Extends ITcVnAccess_TcVnDMatch; Offers an random access interface for TcVnDMatch values.,GetAt(nOffset: LINT [In]; stDMatch: Reference To TcVnDMatch [In]): HRESULT; SetAt(nOffset: LINT [In]; stDMatch: Reference To TcVnDMatch [In]): HRESULT
ITcVnRandomAccess_TcVnKeyPoint,_ITcVnRandomAccess_TcVnKeyPoint,missing,typed_access_adapter; most operations also exposed by F_VN nodes,,Extends ITcVnAccess_TcVnKeyPoint; Offers a random access interface for TcVnKeyPoint values.,GetAt(nOffset: LINT [In]; stKeyPoint: Reference To TcVnKeyPoint [In]): HRESULT; SetAt(nOffset: LINT [In]; stKeyPoint: Reference To TcVnKeyPoint [In]): HRESULT
ITcVnRandomAccess_TcVnPoint2_DINT,_ITcVnRandomAccess_TcVnPoint2_DINT,missing,typed_access_adapter; most operations also exposed by F_VN nodes,,Extends ITcVnAccess_TcVnPoint2_DINT; Offers a random access interface for TcVnPoint2_DINT values.,GetAt(nOffset: LINT [In]; aPoint: Reference To TcVnPoint2_DINT [In]): HRESULT; SetAt(nOffset: LINT [In]; aPoint: Reference To TcVnPoint2_DINT [In]): HRESULT
ITcVnRandomAccess_TcVnPoint2_LREAL,_ITcVnRandomAccess_TcVnPoint2_LREAL,missing,typed_access_adapter; most operations also exposed by F_VN nodes,,Extends ITcVnAccess_TcVnPoint2_LREAL; Offers a random access interface for TcVnPoint2_LREAL values.,GetAt(nOffset: LINT [In]; aPoint: Reference To TcVnPoint2_LREAL [In]): HRESULT; SetAt(nOffset: LINT [In]; aPoint: Reference To TcVnPoint2_LREAL [In]): HRESULT
ITcVnRandomAccess_TcVnPoint2_REAL,_ITcVnRandomAccess_TcVnPoint2_REAL,missing,typed_access_adapter; most operations also exposed by F_VN nodes,,Extends ITcVnAccess_TcVnPoint2_REAL; Offers a random access interface for TcVnPoint2_REAL values.,GetAt(nOffset: LINT [In]; aPoint: Reference To TcVnPoint2_REAL [In]): HRESULT; SetAt(nOffset: LINT [In]; aPoint: Reference To TcVnPoint2_REAL [In]): HRESULT
ITcVnRandomAccess_TcVnPoint3_LREAL,_ITcVnRandomAccess_TcVnPoint3_LREAL,missing,typed_access_adapter; most operations also exposed by F_VN nodes,,Extends ITcVnAccess_TcVnPoint3_LREAL; Offers a random access interface for TcVnPoint3_LREAL values.,GetAt(nOffset: LINT [In]; aPoint: Reference To TcVnPoint3_LREAL [In]): HRESULT; SetAt(nOffset: LINT [In]; aPoint: Reference To TcVnPoint3_LREAL [In]): HRESULT
ITcVnRandomAccess_TcVnPoint3_REAL,_ITcVnRandomAccess_TcVnPoint3_REAL,missing,typed_access_adapter; most operations also exposed by F_VN nodes,,Extends ITcVnAccess_TcVnPoint3_REAL; Offers a random access interface for TcVnPoint3_REAL values.,GetAt(nOffset: LINT [In]; aPoint: Reference To TcVnPoint3_REAL [In]): HRESULT; SetAt(nOffset: LINT [In]; aPoint: Reference To TcVnPoint3_REAL [In]): HRESULT
ITcVnRandomAccess_TcVnRectangle_DINT,_ITcVnRandomAccess_TcVnRectangle_DINT,missing,typed_access_adapter; most operations also exposed by F_VN nodes,,Extends ITcVnAccess_TcVnRectangle_DINT; Offers a random access interface for TcVnRectangle_DINT values.,GetAt(nOffset: LINT [In]; stRectangle: Reference To TcVnRectangle_DINT [In]): HRESULT; SetAt(nOffset: LINT [In]; stRectangle: Reference To TcVnRectangle_DINT [In]): HRESULT
ITcVnRandomAccess_TcVnRotatedRectangle,_ITcVnRandomAccess_TcVnRotatedRectangle,missing,typed_access_adapter; most operations also exposed by F_VN nodes,,Extends ITcVnAccess_TcVnRotatedRectangle; Offers a random access interface for TcVnRotatedRectangle values.,GetAt(nOffset: LINT [In]; stRectangle: Reference To TcVnRotatedRectangle [In]): HRESULT; SetAt(nOffset: LINT [In]; stRectangle: Reference To TcVnRotatedRectangle [In]): HRESULT
ITcVnRandomAccess_TcVnVector2_DINT,_ITcVnRandomAccess_TcVnVector2_DINT,missing,typed_access_adapter; most operations also exposed by F_VN nodes,,Extends ITcVnAccess_TcVnVector2_DINT; Offers a random access interface for TcVnVector2_DINT values.,GetAt(nOffset: LINT [In]; aVector: Reference To TcVnVector2_DINT [In]): HRESULT; SetAt(nOffset: LINT [In]; aVector: Reference To TcVnVector2_DINT [In]): HRESULT
ITcVnRandomAccess_TcVnVector2_INT,_ITcVnRandomAccess_TcVnVector2_INT,missing,typed_access_adapter; most operations also exposed by F_VN nodes,,Extends ITcVnAccess_TcVnVector2_INT; Offers a random access interface for TcVnVector2_INT values.,GetAt(nOffset: LINT [In]; aVector: Reference To TcVnVector2_INT [In]): HRESULT; SetAt(nOffset: LINT [In]; aVector: Reference To TcVnVector2_INT [In]): HRESULT
ITcVnRandomAccess_TcVnVector2_REAL,_ITcVnRandomAccess_TcVnVector2_REAL,missing,typed_access_adapter; most operations also exposed by F_VN nodes,,Extends ITcVnAccess_TcVnVector2_REAL; Offers a random access interface for TcVnVector2_REAL values.,GetAt(nOffset: LINT [In]; aVector: Reference To TcVnVector2_REAL [In]): HRESULT; SetAt(nOffset: LINT [In]; aVector: Reference To TcVnVector2_REAL [In]): HRESULT
ITcVnRandomAccess_TcVnVector2_SINT,_ITcVnRandomAccess_TcVnVector2_SINT,missing,typed_access_adapter; most operations also exposed by F_VN nodes,,Extends ITcVnAccess_TcVnVector2_SINT; Offers a random access interface for TcVnVector2_SINT values.,GetAt(nOffset: LINT [In]; aVector: Reference To TcVnVector2_SINT [In]): HRESULT; SetAt(nOffset: LINT [In]; aVector: Reference To TcVnVector2_SINT [In]): HRESULT
ITcVnRandomAccess_TcVnVector2_UINT,_ITcVnRandomAccess_TcVnVector2_UINT,missing,typed_access_adapter; most operations also exposed by F_VN nodes,,Extends ITcVnAccess_TcVnVector2_UINT; Offers a random access interface for TcVnVector2_UINT values.,GetAt(nOffset: LINT [In]; aVector: Reference To TcVnVector2_UINT [In]): HRESULT; SetAt(nOffset: LINT [In]; aVector: Reference To TcVnVector2_UINT [In]): HRESULT
ITcVnRandomAccess_TcVnVector2_USINT,_ITcVnRandomAccess_TcVnVector2_USINT,missing,typed_access_adapter; most operations also exposed by F_VN nodes,,Extends ITcVnAccess_TcVnVector2_USINT; Offers a random access interface for TcVnVector2_USINT values.,GetAt(nOffset: LINT [In]; aVector: Reference To TcVnVector2_USINT [In]): HRESULT; SetAt(nOffset: LINT [In]; aVector: Reference To TcVnVector2_USINT [In]): HRESULT
ITcVnRandomAccess_TcVnVector3_INT,_ITcVnRandomAccess_TcVnVector3_INT,missing,typed_access_adapter; most operations also exposed by F_VN nodes,,Extends ITcVnAccess_TcVnVector3_INT; Offers a random access interface for TcVnVector3_INT values.,GetAt(nOffset: LINT [In]; aVector: Reference To TcVnVector3_INT [In]): HRESULT; SetAt(nOffset: LINT [In]; aVector: Reference To TcVnVector3_INT [In]): HRESULT
ITcVnRandomAccess_TcVnVector3_REAL,_ITcVnRandomAccess_TcVnVector3_REAL,missing,typed_access_adapter; most operations also exposed by F_VN nodes,,Extends ITcVnAccess_TcVnVector3_REAL; Offers a random access interface for TcVnVector3_REAL values.,GetAt(nOffset: LINT [In]; aVector: Reference To TcVnVector3_REAL [In]): HRESULT; SetAt(nOffset: LINT [In]; aVector: Reference To TcVnVector3_REAL [In]): HRESULT
ITcVnRandomAccess_TcVnVector3_SINT,_ITcVnRandomAccess_TcVnVector3_SINT,missing,typed_access_adapter; most operations also exposed by F_VN nodes,,Extends ITcVnAccess_TcVnVector3_SINT; Offers a random access interface for TcVnVector3_SINT values.,GetAt(nOffset: LINT [In]; aVector: Reference To TcVnVector3_SINT [In]): HRESULT; SetAt(nOffset: LINT [In]; aVector: Reference To TcVnVector3_SINT [In]): HRESULT
ITcVnRandomAccess_TcVnVector3_UINT,_ITcVnRandomAccess_TcVnVector3_UINT,missing,typed_access_adapter; most operations also exposed by F_VN nodes,,Extends ITcVnAccess_TcVnVector3_UINT; Offers a random access interface for TcVnVector3_UINT values.,GetAt(nOffset: LINT [In]; aVector: Reference To TcVnVector3_UINT [In]): HRESULT; SetAt(nOffset: LINT [In]; aVector: Reference To TcVnVector3_UINT [In]): HRESULT
ITcVnRandomAccess_TcVnVector3_USINT,_ITcVnRandomAccess_TcVnVector3_USINT,missing,typed_access_adapter; most operations also exposed by F_VN nodes,,Extends ITcVnAccess_TcVnVector3_USINT; Offers a random access interface for TcVnVector3_USINT values.,GetAt(nOffset: LINT [In]; aVector: Reference To TcVnVector3_USINT [In]): HRESULT; SetAt(nOffset: LINT [In]; aVector: Reference To TcVnVector3_USINT [In]): HRESULT
ITcVnRandomAccess_TcVnVector4_DINT,_ITcVnRandomAccess_TcVnVector4_DINT,missing,typed_access_adapter; most operations also exposed by F_VN nodes,,Extends ITcVnAccess_TcVnVector4_DINT; Offers a random access interface for TcVnVector4_DINT values.,GetAt(nOffset: LINT [In]; aVector: Reference To TcVnVector4_DINT [In]): HRESULT; SetAt(nOffset: LINT [In]; aVector: Reference To TcVnVector4_DINT [In]): HRESULT
ITcVnRandomAccess_TcVnVector4_INT,_ITcVnRandomAccess_TcVnVector4_INT,missing,typed_access_adapter; most operations also exposed by F_VN nodes,,Extends ITcVnAccess_TcVnVector4_INT; Offers a random access interface for TcVnVector4_INT values.,GetAt(nOffset: LINT [In]; aVector: Reference To TcVnVector4_INT [In]): HRESULT; SetAt(nOffset: LINT [In]; aVector: Reference To TcVnVector4_INT [In]): HRESULT
ITcVnRandomAccess_TcVnVector4_LREAL,_ITcVnRandomAccess_TcVnVector4_LREAL,missing,typed_access_adapter; most operations also exposed by F_VN nodes,,Extends ITcVnAccess_TcVnVector4_LREAL; Offers a random access interface for TcVnVector4_LREAL values.,GetAt(nOffset: LINT [In]; aVector: Reference To TcVnVector4_LREAL [In]): HRESULT; SetAt(nOffset: LINT [In]; aVector: Reference To TcVnVector4_LREAL [In]): HRESULT
ITcVnRandomAccess_TcVnVector4_REAL,_ITcVnRandomAccess_TcVnVector4_REAL,missing,typed_access_adapter; most operations also exposed by F_VN nodes,,Extends ITcVnAccess_TcVnVector4_REAL; Offers a random access interface for TcVnVector4_REAL values.,GetAt(nOffset: LINT [In]; aVector: Reference To TcVnVector4_REAL [In]): HRESULT; SetAt(nOffset: LINT [In]; aVector: Reference To TcVnVector4_REAL [In]): HRESULT
ITcVnRandomAccess_TcVnVector4_SINT,_ITcVnRandomAccess_TcVnVector4_SINT,missing,typed_access_adapter; most operations also exposed by F_VN nodes,,Extends ITcVnAccess_TcVnVector4_SINT; Offers a random access interface for TcVnVector4_SINT values.,GetAt(nOffset: LINT [In]; aVector: Reference To TcVnVector4_SINT [In]): HRESULT; SetAt(nOffset: LINT [In]; aVector: Reference To TcVnVector4_SINT [In]): HRESULT
ITcVnRandomAccess_TcVnVector4_UINT,_ITcVnRandomAccess_TcVnVector4_UINT,missing,typed_access_adapter; most operations also exposed by F_VN nodes,,Extends ITcVnAccess_TcVnVector4_UINT; Offers a random access interface for TcVnVector4_UINT values.,GetAt(nOffset: LINT [In]; aVector: Reference To TcVnVector4_UINT [In]): HRESULT; SetAt(nOffset: LINT [In]; aVector: Reference To TcVnVector4_UINT [In]): HRESULT
ITcVnRandomAccess_TcVnVector4_USINT,_ITcVnRandomAccess_TcVnVector4_USINT,missing,typed_access_adapter; most operations also exposed by F_VN nodes,,Extends ITcVnAccess_TcVnVector4_USINT; Offers a random access interface for TcVnVector4_USINT values.,GetAt(nOffset: LINT [In]; aVector: Reference To TcVnVector4_USINT [In]): HRESULT; SetAt(nOffset: LINT [In]; aVector: Reference To TcVnVector4_USINT [In]): HRESULT
ITcVnRandomAccess_UDINT,_ITcVnRandomAccess_UDINT,missing,typed_access_adapter; most operations also exposed by F_VN nodes,,Extends ITcVnAccess_UDINT; Offers a random access interface for UDINT values.,GetAt(nOffset: LINT [In]; nValue: Reference To UDINT [In]): HRESULT; SetAt(nOffset: LINT [In]; nValue: UDINT [In]): HRESULT
ITcVnRandomAccess_UINT,_ITcVnRandomAccess_UINT,missing,typed_access_adapter; most operations also exposed by F_VN nodes,,Extends ITcVnAccess_UINT; Offers a random access interface for UINT values,GetAt(nOffset: LINT [In]; nValue: Reference To UINT [In]): HRESULT; SetAt(nOffset: LINT [In]; nValue: UINT [In]): HRESULT
ITcVnRandomAccess_ULINT,_ITcVnRandomAccess_ULINT,missing,typed_access_adapter; most operations also exposed by F_VN nodes,,Extends ITcVnAccess_ULINT; Offers a randowm access interface for ULINT values.,GetAt(nOffset: LINT [In]; nValue: Reference To ULINT [In]): HRESULT; SetAt(nOffset: LINT [In]; nValue: ULINT [In]): HRESULT
ITcVnRandomAccess_USINT,_ITcVnRandomAccess_USINT,missing,typed_access_adapter; most operations also exposed by F_VN nodes,,Extends ITcVnAccess_USINT; Offers a random access interface for USINT values,GetAt(nOffset: LINT [In]; nValue: Reference To USINT [In]): HRESULT; SetAt(nOffset: LINT [In]; nValue: USINT [In]): HRESULT
ITcVnTiffExport,_ITcVnTiffExport,missing,advanced_device_export_or_interface_method_access,,Extends ITcUnknown; Interface for exporting an image as tiff.,GetTiffSize(nTiffSize: Reference To ULINT [In]): HRESULT; GetTiffImage(nTiffSize: Reference To ULINT [In]; pDestBuffer: PVOID [In]): HRESULT
ITcVnTiffExportNotification,_ITcVnTiffExportNotification,missing,advanced_device_export_or_interface_method_access,,Extends ITcUnknown; Interface for sending displayable images as tiff via ADS notifications.,GetTimestamp(nTimestamp: Reference To LINT [In]): HRESULT; GetTiffImageRpcUnlocked(nTiffSize: Reference To ULINT [In]; pDestBuffer: PVOID [In]): HRESULT
ITcVnTiffExportRpcUnlocked,_ITcVnTiffExportRpcUnlocked,missing,advanced_device_export_or_interface_method_access,,Extends ITcVnTiffExport; Interface for exporting an image as tiff by means of an unlocked remote procedure call.,GetTiffImageRpcUnlocked(nTiffSize: Reference To ULINT [In]; pDestBuffer: PVOID [In]): HRESULT
ITcVnTiffImport,_ITcVnTiffImport,missing,advanced_device_export_or_interface_method_access,,Extends ITcUnknown; Interface for importing a tiff image.,ImportTiffImage(pTiffImage: PVOID [In]): HRESULT
ITcVnTimestamp,_ITcVnTimestamp,missing,advanced_device_export_or_interface_method_access,,Extends ITcUnknown; Offers an interface for timestamps.,UpdateTimestamp(): HRESULT; GetTimestamp(nTimestamp: Reference To LINT [In]): HRESULT
