node,source,api_function,port,native_parameter,type,direction,result_reachable,comment
Node_F_VN_AnalyzeBarcodeWalsh,src/sln/lib/mobject-graph-vision-pack/Nodes/Code Reading/Node_F_VN_AnalyzeBarcodeWalsh.TcPOU,F_VN_AnalyzeBarcodeWalsh,stParams,stParams,TcVnParamsWalshBarcodeDetection,InOut,yes,Returns the estimated parameters for use with F_VN_DetectBarcodesWalsh. The values of the other parameters are not changed.
Node_F_VN_ClipLineToBoundary,src/sln/lib/mobject-graph-vision-pack/Nodes/Miscellaneous/Node_F_VN_ClipLineToBoundary.TcPOU,F_VN_ClipLineToBoundary,aStartPoint,aStartPoint,TcVnPoint2_REAL,InOut,yes,Returns the clipped starting point of the line.
Node_F_VN_ClipLineToBoundary,src/sln/lib/mobject-graph-vision-pack/Nodes/Miscellaneous/Node_F_VN_ClipLineToBoundary.TcPOU,F_VN_ClipLineToBoundary,aEndPoint,aEndPoint,TcVnPoint2_REAL,InOut,yes,Returns the clipped end point of the line.
Node_F_VN_ClipLineToBoundary_ITcVnImage,src/sln/lib/mobject-graph-vision-pack/Nodes/Miscellaneous/Node_F_VN_ClipLineToBoundary_ITcVnImage.TcPOU,F_VN_ClipLineToBoundary_ITcVnImage,aStartPoint,aStartPoint,TcVnPoint2_REAL,InOut,yes,Returns the clipped starting point of the line.
Node_F_VN_ClipLineToBoundary_ITcVnImage,src/sln/lib/mobject-graph-vision-pack/Nodes/Miscellaneous/Node_F_VN_ClipLineToBoundary_ITcVnImage.TcPOU,F_VN_ClipLineToBoundary_ITcVnImage,aEndPoint,aEndPoint,TcVnPoint2_REAL,InOut,yes,Returns the clipped end point of the line.
Node_F_VN_ClipLineToBoundary_TcVnRectangle_DINT,src/sln/lib/mobject-graph-vision-pack/Nodes/Miscellaneous/Node_F_VN_ClipLineToBoundary_TcVnRectangle_DINT.TcPOU,F_VN_ClipLineToBoundary_TcVnRectangle_DINT,aStartPoint,aStartPoint,TcVnPoint2_REAL,InOut,yes,Returns the clipped starting point of the line.
Node_F_VN_ClipLineToBoundary_TcVnRectangle_DINT,src/sln/lib/mobject-graph-vision-pack/Nodes/Miscellaneous/Node_F_VN_ClipLineToBoundary_TcVnRectangle_DINT.TcPOU,F_VN_ClipLineToBoundary_TcVnRectangle_DINT,aEndPoint,aEndPoint,TcVnPoint2_REAL,InOut,yes,Returns the clipped end point of the line.
Node_F_VN_SetImageChannel,src/sln/lib/mobject-graph-vision-pack/Nodes/Basic Image Ops/Node_F_VN_SetImageChannel.TcPOU,F_VN_SetImageChannel,ipDestImage,ipDestImage,Reference To ITcVnImage,In,yes,Destination image (An appropriate image will be created if required.)
Node_F_VN_TransformIntoDisplayableImage,src/sln/lib/mobject-graph-vision-pack/Nodes/Basic Image Ops/Node_F_VN_TransformIntoDisplayableImage.TcPOU,F_VN_TransformIntoDisplayableImage,ipSrcImage,ipSrcImage,Reference To ITcVnImage,In,NO,Source image
Node_F_VN_TransformIntoDisplayableImageExp,src/sln/lib/mobject-graph-vision-pack/Nodes/Basic Image Ops/Node_F_VN_TransformIntoDisplayableImageExp.TcPOU,F_VN_TransformIntoDisplayableImageExp,ipSrcImage,ipSrcImage,Reference To ITcVnImage,In,NO,Source image
Node_F_VN_WhiteBalance,src/sln/lib/mobject-graph-vision-pack/Nodes/Image Color and Contrast Processing/Node_F_VN_WhiteBalance.TcPOU,F_VN_WhiteBalance,ipDestImage,ipDestImage,Reference To ITcVnImage,In,yes,"Destination image with white balance applied (optional, set to 0 if not required. An appropriate image will be created if required.)"
