node,source,api_function,port,native_parameter,also_output,basis,comment
Node_F_VN_AddToContainerElements_DINT,src/sln/lib/mobject-graph-vision-pack/Nodes/Algebraic Container Ops/AddTo/Node_F_VN_AddToContainerElements_DINT.TcPOU,F_VN_AddToContainerElements_DINT,ipContainer,ipContainer,yes,edits the container,Container with DINT elements
Node_F_VN_AddToContainerElements_INT,src/sln/lib/mobject-graph-vision-pack/Nodes/Algebraic Container Ops/AddTo/Node_F_VN_AddToContainerElements_INT.TcPOU,F_VN_AddToContainerElements_INT,ipContainer,ipContainer,yes,edits the container,Container with INT elements
Node_F_VN_AddToContainerElements_LREAL,src/sln/lib/mobject-graph-vision-pack/Nodes/Algebraic Container Ops/AddTo/Node_F_VN_AddToContainerElements_LREAL.TcPOU,F_VN_AddToContainerElements_LREAL,ipContainer,ipContainer,yes,edits the container,Container with LREAL elements
Node_F_VN_AddToContainerElements_REAL,src/sln/lib/mobject-graph-vision-pack/Nodes/Algebraic Container Ops/AddTo/Node_F_VN_AddToContainerElements_REAL.TcPOU,F_VN_AddToContainerElements_REAL,ipContainer,ipContainer,yes,edits the container,Container with REAL elements
Node_F_VN_AddToContainerElements_SINT,src/sln/lib/mobject-graph-vision-pack/Nodes/Algebraic Container Ops/AddTo/Node_F_VN_AddToContainerElements_SINT.TcPOU,F_VN_AddToContainerElements_SINT,ipContainer,ipContainer,yes,edits the container,Container with SINT elements
Node_F_VN_AddToContainerElements_TcVnKeyPoint,src/sln/lib/mobject-graph-vision-pack/Nodes/Algebraic Container Ops/AddTo/Node_F_VN_AddToContainerElements_TcVnKeyPoint.TcPOU,F_VN_AddToContainerElements_TcVnKeyPoint,ipContainer,ipContainer,yes,edits the container,Container with TcVnKeyPoint elements
Node_F_VN_AddToContainerElements_TcVnPoint2_DINT,src/sln/lib/mobject-graph-vision-pack/Nodes/Algebraic Container Ops/AddTo/Node_F_VN_AddToContainerElements_TcVnPoint2_DINT.TcPOU,F_VN_AddToContainerElements_TcVnPoint2_DINT,ipContainer,ipContainer,yes,edits the container,Container with TcVnPoint2_DINT elements
Node_F_VN_AddToContainerElements_TcVnPoint2_LREAL,src/sln/lib/mobject-graph-vision-pack/Nodes/Algebraic Container Ops/AddTo/Node_F_VN_AddToContainerElements_TcVnPoint2_LREAL.TcPOU,F_VN_AddToContainerElements_TcVnPoint2_LREAL,ipContainer,ipContainer,yes,edits the container,Container with TcVnPoint2_LREAL elements
Node_F_VN_AddToContainerElements_TcVnPoint2_REAL,src/sln/lib/mobject-graph-vision-pack/Nodes/Algebraic Container Ops/AddTo/Node_F_VN_AddToContainerElements_TcVnPoint2_REAL.TcPOU,F_VN_AddToContainerElements_TcVnPoint2_REAL,ipContainer,ipContainer,yes,edits the container,Container with TcVnPoint2_REAL elements
Node_F_VN_AddToContainerElements_TcVnPoint3_LREAL,src/sln/lib/mobject-graph-vision-pack/Nodes/Algebraic Container Ops/AddTo/Node_F_VN_AddToContainerElements_TcVnPoint3_LREAL.TcPOU,F_VN_AddToContainerElements_TcVnPoint3_LREAL,ipContainer,ipContainer,yes,edits the container,Container with TcVnPoint3_LREAL elements
Node_F_VN_AddToContainerElements_TcVnPoint3_REAL,src/sln/lib/mobject-graph-vision-pack/Nodes/Algebraic Container Ops/AddTo/Node_F_VN_AddToContainerElements_TcVnPoint3_REAL.TcPOU,F_VN_AddToContainerElements_TcVnPoint3_REAL,ipContainer,ipContainer,yes,edits the container,Container with TcVnPoint3_REAL elements
Node_F_VN_AddToContainerElements_TcVnRectangle_DINT,src/sln/lib/mobject-graph-vision-pack/Nodes/Algebraic Container Ops/AddTo/Node_F_VN_AddToContainerElements_TcVnRectangle_DINT.TcPOU,F_VN_AddToContainerElements_TcVnRectangle_DINT,ipContainer,ipContainer,yes,edits the container,Container with TcVnRectangle_DINT elements
Node_F_VN_AddToContainerElements_TcVnRotatedRectangle,src/sln/lib/mobject-graph-vision-pack/Nodes/Algebraic Container Ops/AddTo/Node_F_VN_AddToContainerElements_TcVnRotatedRectangle.TcPOU,F_VN_AddToContainerElements_TcVnRotatedRectangle,ipContainer,ipContainer,yes,edits the container,Container with TcVnRotatedRectangle elements
Node_F_VN_AddToContainerElements_TcVnVector2_DINT,src/sln/lib/mobject-graph-vision-pack/Nodes/Algebraic Container Ops/AddTo/Node_F_VN_AddToContainerElements_TcVnVector2_DINT.TcPOU,F_VN_AddToContainerElements_TcVnVector2_DINT,ipContainer,ipContainer,yes,edits the container,Container with TcVnVector2_DINT elements
Node_F_VN_AddToContainerElements_TcVnVector2_INT,src/sln/lib/mobject-graph-vision-pack/Nodes/Algebraic Container Ops/AddTo/Node_F_VN_AddToContainerElements_TcVnVector2_INT.TcPOU,F_VN_AddToContainerElements_TcVnVector2_INT,ipContainer,ipContainer,yes,edits the container,Container with TcVnVector2_INT elements
Node_F_VN_AddToContainerElements_TcVnVector2_REAL,src/sln/lib/mobject-graph-vision-pack/Nodes/Algebraic Container Ops/AddTo/Node_F_VN_AddToContainerElements_TcVnVector2_REAL.TcPOU,F_VN_AddToContainerElements_TcVnVector2_REAL,ipContainer,ipContainer,yes,edits the container,Container with TcVnVector2_REAL elements
Node_F_VN_AddToContainerElements_TcVnVector2_SINT,src/sln/lib/mobject-graph-vision-pack/Nodes/Algebraic Container Ops/AddTo/Node_F_VN_AddToContainerElements_TcVnVector2_SINT.TcPOU,F_VN_AddToContainerElements_TcVnVector2_SINT,ipContainer,ipContainer,yes,edits the container,Container with TcVnVector2_SINT elements
Node_F_VN_AddToContainerElements_TcVnVector2_UINT,src/sln/lib/mobject-graph-vision-pack/Nodes/Algebraic Container Ops/AddTo/Node_F_VN_AddToContainerElements_TcVnVector2_UINT.TcPOU,F_VN_AddToContainerElements_TcVnVector2_UINT,ipContainer,ipContainer,yes,edits the container,Container with TcVnVector2_UINT elements
Node_F_VN_AddToContainerElements_TcVnVector2_USINT,src/sln/lib/mobject-graph-vision-pack/Nodes/Algebraic Container Ops/AddTo/Node_F_VN_AddToContainerElements_TcVnVector2_USINT.TcPOU,F_VN_AddToContainerElements_TcVnVector2_USINT,ipContainer,ipContainer,yes,edits the container,Container with TcVnVector2_USINT elements
Node_F_VN_AddToContainerElements_TcVnVector3_INT,src/sln/lib/mobject-graph-vision-pack/Nodes/Algebraic Container Ops/AddTo/Node_F_VN_AddToContainerElements_TcVnVector3_INT.TcPOU,F_VN_AddToContainerElements_TcVnVector3_INT,ipContainer,ipContainer,yes,edits the container,Container with TcVnVector3_INT elements
Node_F_VN_AddToContainerElements_TcVnVector3_REAL,src/sln/lib/mobject-graph-vision-pack/Nodes/Algebraic Container Ops/AddTo/Node_F_VN_AddToContainerElements_TcVnVector3_REAL.TcPOU,F_VN_AddToContainerElements_TcVnVector3_REAL,ipContainer,ipContainer,yes,edits the container,Container with TcVnVector3_REAL elements
Node_F_VN_AddToContainerElements_TcVnVector3_SINT,src/sln/lib/mobject-graph-vision-pack/Nodes/Algebraic Container Ops/AddTo/Node_F_VN_AddToContainerElements_TcVnVector3_SINT.TcPOU,F_VN_AddToContainerElements_TcVnVector3_SINT,ipContainer,ipContainer,yes,edits the container,Container with TcVnVector3_SINT elements
Node_F_VN_AddToContainerElements_TcVnVector3_UINT,src/sln/lib/mobject-graph-vision-pack/Nodes/Algebraic Container Ops/AddTo/Node_F_VN_AddToContainerElements_TcVnVector3_UINT.TcPOU,F_VN_AddToContainerElements_TcVnVector3_UINT,ipContainer,ipContainer,yes,edits the container,Container with TcVnVector3_UINT elements
Node_F_VN_AddToContainerElements_TcVnVector3_USINT,src/sln/lib/mobject-graph-vision-pack/Nodes/Algebraic Container Ops/AddTo/Node_F_VN_AddToContainerElements_TcVnVector3_USINT.TcPOU,F_VN_AddToContainerElements_TcVnVector3_USINT,ipContainer,ipContainer,yes,edits the container,Container with TcVnVector3_USINT elements
Node_F_VN_AddToContainerElements_TcVnVector4_DINT,src/sln/lib/mobject-graph-vision-pack/Nodes/Algebraic Container Ops/AddTo/Node_F_VN_AddToContainerElements_TcVnVector4_DINT.TcPOU,F_VN_AddToContainerElements_TcVnVector4_DINT,ipContainer,ipContainer,yes,edits the container,Container with TcVnVector4_DINT elements
Node_F_VN_AddToContainerElements_TcVnVector4_INT,src/sln/lib/mobject-graph-vision-pack/Nodes/Algebraic Container Ops/AddTo/Node_F_VN_AddToContainerElements_TcVnVector4_INT.TcPOU,F_VN_AddToContainerElements_TcVnVector4_INT,ipContainer,ipContainer,yes,edits the container,Container with TcVnVector4_INT elements
Node_F_VN_AddToContainerElements_TcVnVector4_LREAL,src/sln/lib/mobject-graph-vision-pack/Nodes/Algebraic Container Ops/AddTo/Node_F_VN_AddToContainerElements_TcVnVector4_LREAL.TcPOU,F_VN_AddToContainerElements_TcVnVector4_LREAL,ipContainer,ipContainer,yes,edits the container,Container with TcVnVector4_LREAL elements
Node_F_VN_AddToContainerElements_TcVnVector4_REAL,src/sln/lib/mobject-graph-vision-pack/Nodes/Algebraic Container Ops/AddTo/Node_F_VN_AddToContainerElements_TcVnVector4_REAL.TcPOU,F_VN_AddToContainerElements_TcVnVector4_REAL,ipContainer,ipContainer,yes,edits the container,Container with TcVnVector4_REAL elements
Node_F_VN_AddToContainerElements_TcVnVector4_SINT,src/sln/lib/mobject-graph-vision-pack/Nodes/Algebraic Container Ops/AddTo/Node_F_VN_AddToContainerElements_TcVnVector4_SINT.TcPOU,F_VN_AddToContainerElements_TcVnVector4_SINT,ipContainer,ipContainer,yes,edits the container,Container with TcVnVector4_SINT elements
Node_F_VN_AddToContainerElements_TcVnVector4_UINT,src/sln/lib/mobject-graph-vision-pack/Nodes/Algebraic Container Ops/AddTo/Node_F_VN_AddToContainerElements_TcVnVector4_UINT.TcPOU,F_VN_AddToContainerElements_TcVnVector4_UINT,ipContainer,ipContainer,yes,edits the container,Container with TcVnVector4_UINT elements
Node_F_VN_AddToContainerElements_TcVnVector4_USINT,src/sln/lib/mobject-graph-vision-pack/Nodes/Algebraic Container Ops/AddTo/Node_F_VN_AddToContainerElements_TcVnVector4_USINT.TcPOU,F_VN_AddToContainerElements_TcVnVector4_USINT,ipContainer,ipContainer,yes,edits the container,Container with TcVnVector4_USINT elements
Node_F_VN_AddToContainerElements_UDINT,src/sln/lib/mobject-graph-vision-pack/Nodes/Algebraic Container Ops/AddTo/Node_F_VN_AddToContainerElements_UDINT.TcPOU,F_VN_AddToContainerElements_UDINT,ipContainer,ipContainer,yes,edits the container,Container with UDINT elements
Node_F_VN_AddToContainerElements_UINT,src/sln/lib/mobject-graph-vision-pack/Nodes/Algebraic Container Ops/AddTo/Node_F_VN_AddToContainerElements_UINT.TcPOU,F_VN_AddToContainerElements_UINT,ipContainer,ipContainer,yes,edits the container,Container with UINT elements
Node_F_VN_AddToContainerElements_ULINT,src/sln/lib/mobject-graph-vision-pack/Nodes/Algebraic Container Ops/AddTo/Node_F_VN_AddToContainerElements_ULINT.TcPOU,F_VN_AddToContainerElements_ULINT,ipContainer,ipContainer,yes,edits the container,Container with ULINT elements
Node_F_VN_AddToContainerElements_USINT,src/sln/lib/mobject-graph-vision-pack/Nodes/Algebraic Container Ops/AddTo/Node_F_VN_AddToContainerElements_USINT.TcPOU,F_VN_AddToContainerElements_USINT,ipContainer,ipContainer,yes,edits the container,Container with USINT elements
Node_F_VN_AppendToContainer_DINT,src/sln/lib/mobject-graph-vision-pack/Nodes/Basic Container Ops/AppendToContainer/Node_F_VN_AppendToContainer_DINT.TcPOU,F_VN_AppendToContainer_DINT,ipContainer,ipContainer,yes,edits the container,Container to which the element will be appended
Node_F_VN_AppendToContainer_INT,src/sln/lib/mobject-graph-vision-pack/Nodes/Basic Container Ops/AppendToContainer/Node_F_VN_AppendToContainer_INT.TcPOU,F_VN_AppendToContainer_INT,ipContainer,ipContainer,yes,edits the container,Container to which the element will be appended
Node_F_VN_AppendToContainer_ITcVnContainer,src/sln/lib/mobject-graph-vision-pack/Nodes/Basic Container Ops/AppendToContainer/Node_F_VN_AppendToContainer_ITcVnContainer.TcPOU,F_VN_AppendToContainer_ITcVnContainer,ipContainer,ipContainer,yes,edits the container,Container to which the element(s) will be appended
Node_F_VN_AppendToContainer_ITcVnImage,src/sln/lib/mobject-graph-vision-pack/Nodes/Basic Container Ops/AppendToContainer/Node_F_VN_AppendToContainer_ITcVnImage.TcPOU,F_VN_AppendToContainer_ITcVnImage,ipContainer,ipContainer,yes,edits the container,Container to which the element will be appended
Node_F_VN_AppendToContainer_LREAL,src/sln/lib/mobject-graph-vision-pack/Nodes/Basic Container Ops/AppendToContainer/Node_F_VN_AppendToContainer_LREAL.TcPOU,F_VN_AppendToContainer_LREAL,ipContainer,ipContainer,yes,edits the container,Container to which the element will be appended
Node_F_VN_AppendToContainer_REAL,src/sln/lib/mobject-graph-vision-pack/Nodes/Basic Container Ops/AppendToContainer/Node_F_VN_AppendToContainer_REAL.TcPOU,F_VN_AppendToContainer_REAL,ipContainer,ipContainer,yes,edits the container,Container to which the element will be appended
Node_F_VN_AppendToContainer_SINT,src/sln/lib/mobject-graph-vision-pack/Nodes/Basic Container Ops/AppendToContainer/Node_F_VN_AppendToContainer_SINT.TcPOU,F_VN_AppendToContainer_SINT,ipContainer,ipContainer,yes,edits the container,Container to which the element will be appended
Node_F_VN_AppendToContainer_TcVnDMatch,src/sln/lib/mobject-graph-vision-pack/Nodes/Basic Container Ops/AppendToContainer/Node_F_VN_AppendToContainer_TcVnDMatch.TcPOU,F_VN_AppendToContainer_TcVnDMatch,ipContainer,ipContainer,yes,edits the container,Container to which the element will be appended
Node_F_VN_AppendToContainer_TcVnKeyPoint,src/sln/lib/mobject-graph-vision-pack/Nodes/Basic Container Ops/AppendToContainer/Node_F_VN_AppendToContainer_TcVnKeyPoint.TcPOU,F_VN_AppendToContainer_TcVnKeyPoint,ipContainer,ipContainer,yes,edits the container,Container to which the element will be appended
Node_F_VN_AppendToContainer_TcVnPoint2_DINT,src/sln/lib/mobject-graph-vision-pack/Nodes/Basic Container Ops/AppendToContainer/Node_F_VN_AppendToContainer_TcVnPoint2_DINT.TcPOU,F_VN_AppendToContainer_TcVnPoint2_DINT,ipContainer,ipContainer,yes,edits the container,Container to which the element will be appended
Node_F_VN_AppendToContainer_TcVnPoint2_LREAL,src/sln/lib/mobject-graph-vision-pack/Nodes/Basic Container Ops/AppendToContainer/Node_F_VN_AppendToContainer_TcVnPoint2_LREAL.TcPOU,F_VN_AppendToContainer_TcVnPoint2_LREAL,ipContainer,ipContainer,yes,edits the container,Container to which the element will be appended
Node_F_VN_AppendToContainer_TcVnPoint2_REAL,src/sln/lib/mobject-graph-vision-pack/Nodes/Basic Container Ops/AppendToContainer/Node_F_VN_AppendToContainer_TcVnPoint2_REAL.TcPOU,F_VN_AppendToContainer_TcVnPoint2_REAL,ipContainer,ipContainer,yes,edits the container,Container to which the element will be appended
Node_F_VN_AppendToContainer_TcVnPoint3_LREAL,src/sln/lib/mobject-graph-vision-pack/Nodes/Basic Container Ops/AppendToContainer/Node_F_VN_AppendToContainer_TcVnPoint3_LREAL.TcPOU,F_VN_AppendToContainer_TcVnPoint3_LREAL,ipContainer,ipContainer,yes,edits the container,Container to which the element will be appended
Node_F_VN_AppendToContainer_TcVnPoint3_REAL,src/sln/lib/mobject-graph-vision-pack/Nodes/Basic Container Ops/AppendToContainer/Node_F_VN_AppendToContainer_TcVnPoint3_REAL.TcPOU,F_VN_AppendToContainer_TcVnPoint3_REAL,ipContainer,ipContainer,yes,edits the container,Container to which the element will be appended
Node_F_VN_AppendToContainer_TcVnRectangle_DINT,src/sln/lib/mobject-graph-vision-pack/Nodes/Basic Container Ops/AppendToContainer/Node_F_VN_AppendToContainer_TcVnRectangle_DINT.TcPOU,F_VN_AppendToContainer_TcVnRectangle_DINT,ipContainer,ipContainer,yes,edits the container,Container to which the element will be appended
Node_F_VN_AppendToContainer_TcVnRotatedRectangle,src/sln/lib/mobject-graph-vision-pack/Nodes/Basic Container Ops/AppendToContainer/Node_F_VN_AppendToContainer_TcVnRotatedRectangle.TcPOU,F_VN_AppendToContainer_TcVnRotatedRectangle,ipContainer,ipContainer,yes,edits the container,Container to which the element will be appended
Node_F_VN_AppendToContainer_TcVnVector2_DINT,src/sln/lib/mobject-graph-vision-pack/Nodes/Basic Container Ops/AppendToContainer/Node_F_VN_AppendToContainer_TcVnVector2_DINT.TcPOU,F_VN_AppendToContainer_TcVnVector2_DINT,ipContainer,ipContainer,yes,edits the container,Container to which the element will be appended
Node_F_VN_AppendToContainer_TcVnVector2_INT,src/sln/lib/mobject-graph-vision-pack/Nodes/Basic Container Ops/AppendToContainer/Node_F_VN_AppendToContainer_TcVnVector2_INT.TcPOU,F_VN_AppendToContainer_TcVnVector2_INT,ipContainer,ipContainer,yes,edits the container,Container to which the element will be appended
Node_F_VN_AppendToContainer_TcVnVector2_REAL,src/sln/lib/mobject-graph-vision-pack/Nodes/Basic Container Ops/AppendToContainer/Node_F_VN_AppendToContainer_TcVnVector2_REAL.TcPOU,F_VN_AppendToContainer_TcVnVector2_REAL,ipContainer,ipContainer,yes,edits the container,Container to which the element will be appended
Node_F_VN_AppendToContainer_TcVnVector2_SINT,src/sln/lib/mobject-graph-vision-pack/Nodes/Basic Container Ops/AppendToContainer/Node_F_VN_AppendToContainer_TcVnVector2_SINT.TcPOU,F_VN_AppendToContainer_TcVnVector2_SINT,ipContainer,ipContainer,yes,edits the container,Container to which the element will be appended
Node_F_VN_AppendToContainer_TcVnVector2_UINT,src/sln/lib/mobject-graph-vision-pack/Nodes/Basic Container Ops/AppendToContainer/Node_F_VN_AppendToContainer_TcVnVector2_UINT.TcPOU,F_VN_AppendToContainer_TcVnVector2_UINT,ipContainer,ipContainer,yes,edits the container,Container to which the element will be appended
Node_F_VN_AppendToContainer_TcVnVector2_USINT,src/sln/lib/mobject-graph-vision-pack/Nodes/Basic Container Ops/AppendToContainer/Node_F_VN_AppendToContainer_TcVnVector2_USINT.TcPOU,F_VN_AppendToContainer_TcVnVector2_USINT,ipContainer,ipContainer,yes,edits the container,Container to which the element will be appended
Node_F_VN_AppendToContainer_TcVnVector3_INT,src/sln/lib/mobject-graph-vision-pack/Nodes/Basic Container Ops/AppendToContainer/Node_F_VN_AppendToContainer_TcVnVector3_INT.TcPOU,F_VN_AppendToContainer_TcVnVector3_INT,ipContainer,ipContainer,yes,edits the container,Container to which the element will be appended
Node_F_VN_AppendToContainer_TcVnVector3_REAL,src/sln/lib/mobject-graph-vision-pack/Nodes/Basic Container Ops/AppendToContainer/Node_F_VN_AppendToContainer_TcVnVector3_REAL.TcPOU,F_VN_AppendToContainer_TcVnVector3_REAL,ipContainer,ipContainer,yes,edits the container,Container to which the element will be appended
Node_F_VN_AppendToContainer_TcVnVector3_SINT,src/sln/lib/mobject-graph-vision-pack/Nodes/Basic Container Ops/AppendToContainer/Node_F_VN_AppendToContainer_TcVnVector3_SINT.TcPOU,F_VN_AppendToContainer_TcVnVector3_SINT,ipContainer,ipContainer,yes,edits the container,Container to which the element will be appended
Node_F_VN_AppendToContainer_TcVnVector3_UINT,src/sln/lib/mobject-graph-vision-pack/Nodes/Basic Container Ops/AppendToContainer/Node_F_VN_AppendToContainer_TcVnVector3_UINT.TcPOU,F_VN_AppendToContainer_TcVnVector3_UINT,ipContainer,ipContainer,yes,edits the container,Container to which the element will be appended
Node_F_VN_AppendToContainer_TcVnVector3_USINT,src/sln/lib/mobject-graph-vision-pack/Nodes/Basic Container Ops/AppendToContainer/Node_F_VN_AppendToContainer_TcVnVector3_USINT.TcPOU,F_VN_AppendToContainer_TcVnVector3_USINT,ipContainer,ipContainer,yes,edits the container,Container to which the element will be appended
Node_F_VN_AppendToContainer_TcVnVector4_DINT,src/sln/lib/mobject-graph-vision-pack/Nodes/Basic Container Ops/AppendToContainer/Node_F_VN_AppendToContainer_TcVnVector4_DINT.TcPOU,F_VN_AppendToContainer_TcVnVector4_DINT,ipContainer,ipContainer,yes,edits the container,Container to which the element will be appended
Node_F_VN_AppendToContainer_TcVnVector4_INT,src/sln/lib/mobject-graph-vision-pack/Nodes/Basic Container Ops/AppendToContainer/Node_F_VN_AppendToContainer_TcVnVector4_INT.TcPOU,F_VN_AppendToContainer_TcVnVector4_INT,ipContainer,ipContainer,yes,edits the container,Container to which the element will be appended
Node_F_VN_AppendToContainer_TcVnVector4_LREAL,src/sln/lib/mobject-graph-vision-pack/Nodes/Basic Container Ops/AppendToContainer/Node_F_VN_AppendToContainer_TcVnVector4_LREAL.TcPOU,F_VN_AppendToContainer_TcVnVector4_LREAL,ipContainer,ipContainer,yes,edits the container,Container to which the element will be appended
Node_F_VN_AppendToContainer_TcVnVector4_REAL,src/sln/lib/mobject-graph-vision-pack/Nodes/Basic Container Ops/AppendToContainer/Node_F_VN_AppendToContainer_TcVnVector4_REAL.TcPOU,F_VN_AppendToContainer_TcVnVector4_REAL,ipContainer,ipContainer,yes,edits the container,Container to which the element will be appended
Node_F_VN_AppendToContainer_TcVnVector4_SINT,src/sln/lib/mobject-graph-vision-pack/Nodes/Basic Container Ops/AppendToContainer/Node_F_VN_AppendToContainer_TcVnVector4_SINT.TcPOU,F_VN_AppendToContainer_TcVnVector4_SINT,ipContainer,ipContainer,yes,edits the container,Container to which the element will be appended
Node_F_VN_AppendToContainer_TcVnVector4_UINT,src/sln/lib/mobject-graph-vision-pack/Nodes/Basic Container Ops/AppendToContainer/Node_F_VN_AppendToContainer_TcVnVector4_UINT.TcPOU,F_VN_AppendToContainer_TcVnVector4_UINT,ipContainer,ipContainer,yes,edits the container,Container to which the element will be appended
Node_F_VN_AppendToContainer_TcVnVector4_USINT,src/sln/lib/mobject-graph-vision-pack/Nodes/Basic Container Ops/AppendToContainer/Node_F_VN_AppendToContainer_TcVnVector4_USINT.TcPOU,F_VN_AppendToContainer_TcVnVector4_USINT,ipContainer,ipContainer,yes,edits the container,Container to which the element will be appended
Node_F_VN_AppendToContainer_UDINT,src/sln/lib/mobject-graph-vision-pack/Nodes/Basic Container Ops/AppendToContainer/Node_F_VN_AppendToContainer_UDINT.TcPOU,F_VN_AppendToContainer_UDINT,ipContainer,ipContainer,yes,edits the container,Container to which the element will be appended
Node_F_VN_AppendToContainer_UINT,src/sln/lib/mobject-graph-vision-pack/Nodes/Basic Container Ops/AppendToContainer/Node_F_VN_AppendToContainer_UINT.TcPOU,F_VN_AppendToContainer_UINT,ipContainer,ipContainer,yes,edits the container,Container to which the element will be appended
Node_F_VN_AppendToContainer_ULINT,src/sln/lib/mobject-graph-vision-pack/Nodes/Basic Container Ops/AppendToContainer/Node_F_VN_AppendToContainer_ULINT.TcPOU,F_VN_AppendToContainer_ULINT,ipContainer,ipContainer,yes,edits the container,Container to which the element will be appended
Node_F_VN_AppendToContainer_USINT,src/sln/lib/mobject-graph-vision-pack/Nodes/Basic Container Ops/AppendToContainer/Node_F_VN_AppendToContainer_USINT.TcPOU,F_VN_AppendToContainer_USINT,ipContainer,ipContainer,yes,edits the container,Container to which the element will be appended
Node_F_VN_CopyImageRegionToRegion,src/sln/lib/mobject-graph-vision-pack/Nodes/Basic Image Ops/Node_F_VN_CopyImageRegionToRegion.TcPOU,F_VN_CopyImageRegionToRegion,ipDestImage,ipDestImage,yes,draws into or edits the image,Destination image (same type as ipSrcImage)
Node_F_VN_DrawArrow,src/sln/lib/mobject-graph-vision-pack/Nodes/Drawing/Node_F_VN_DrawArrow.TcPOU,F_VN_DrawArrow,ipDestImage,ipDestImage,yes,draws into or edits the image,Destination image
Node_F_VN_DrawArrowExp,src/sln/lib/mobject-graph-vision-pack/Nodes/Drawing/Node_F_VN_DrawArrowExp.TcPOU,F_VN_DrawArrowExp,ipDestImage,ipDestImage,yes,draws into or edits the image,Destination image
Node_F_VN_DrawArrowExp_TcVnVector4_DINT,src/sln/lib/mobject-graph-vision-pack/Nodes/Drawing/Node_F_VN_DrawArrowExp_TcVnVector4_DINT.TcPOU,F_VN_DrawArrowExp_TcVnVector4_DINT,ipDestImage,ipDestImage,yes,draws into or edits the image,Destination image
Node_F_VN_DrawArrow_TcVnVector4_DINT,src/sln/lib/mobject-graph-vision-pack/Nodes/Drawing/Node_F_VN_DrawArrow_TcVnVector4_DINT.TcPOU,F_VN_DrawArrow_TcVnVector4_DINT,ipDestImage,ipDestImage,yes,draws into or edits the image,Destination image
Node_F_VN_DrawCircle,src/sln/lib/mobject-graph-vision-pack/Nodes/Drawing/Node_F_VN_DrawCircle.TcPOU,F_VN_DrawCircle,ipDestImage,ipDestImage,yes,draws into or edits the image,Destination image
Node_F_VN_DrawCircleExp,src/sln/lib/mobject-graph-vision-pack/Nodes/Drawing/Node_F_VN_DrawCircleExp.TcPOU,F_VN_DrawCircleExp,ipDestImage,ipDestImage,yes,draws into or edits the image,Destination image
Node_F_VN_DrawCircles,src/sln/lib/mobject-graph-vision-pack/Nodes/Drawing/Node_F_VN_DrawCircles.TcPOU,F_VN_DrawCircles,ipDestImage,ipDestImage,yes,draws into or edits the image,Destination image
Node_F_VN_DrawCirclesExp,src/sln/lib/mobject-graph-vision-pack/Nodes/Drawing/Node_F_VN_DrawCirclesExp.TcPOU,F_VN_DrawCirclesExp,ipDestImage,ipDestImage,yes,draws into or edits the image,Destination image
Node_F_VN_DrawCircularArc,src/sln/lib/mobject-graph-vision-pack/Nodes/Drawing/Node_F_VN_DrawCircularArc.TcPOU,F_VN_DrawCircularArc,ipDestImage,ipDestImage,yes,draws into or edits the image,Destination image
Node_F_VN_DrawCircularArcExp,src/sln/lib/mobject-graph-vision-pack/Nodes/Drawing/Node_F_VN_DrawCircularArcExp.TcPOU,F_VN_DrawCircularArcExp,ipDestImage,ipDestImage,yes,draws into or edits the image,Destination image
Node_F_VN_DrawContours,src/sln/lib/mobject-graph-vision-pack/Nodes/Drawing/Node_F_VN_DrawContours.TcPOU,F_VN_DrawContours,ipDestImage,ipDestImage,yes,draws into or edits the image,Destination image
Node_F_VN_DrawContoursExp,src/sln/lib/mobject-graph-vision-pack/Nodes/Drawing/Node_F_VN_DrawContoursExp.TcPOU,F_VN_DrawContoursExp,ipDestImage,ipDestImage,yes,draws into or edits the image,Destination image
Node_F_VN_DrawEllipse,src/sln/lib/mobject-graph-vision-pack/Nodes/Drawing/Node_F_VN_DrawEllipse.TcPOU,F_VN_DrawEllipse,ipDestImage,ipDestImage,yes,draws into or edits the image,Destination image
Node_F_VN_DrawEllipseExp,src/sln/lib/mobject-graph-vision-pack/Nodes/Drawing/Node_F_VN_DrawEllipseExp.TcPOU,F_VN_DrawEllipseExp,ipDestImage,ipDestImage,yes,draws into or edits the image,Destination image
Node_F_VN_DrawLine,src/sln/lib/mobject-graph-vision-pack/Nodes/Drawing/Node_F_VN_DrawLine.TcPOU,F_VN_DrawLine,ipDestImage,ipDestImage,yes,draws into or edits the image,Destination image
Node_F_VN_DrawLineExp,src/sln/lib/mobject-graph-vision-pack/Nodes/Drawing/Node_F_VN_DrawLineExp.TcPOU,F_VN_DrawLineExp,ipDestImage,ipDestImage,yes,draws into or edits the image,Destination image
Node_F_VN_DrawLineExp_TcVnVector4_DINT,src/sln/lib/mobject-graph-vision-pack/Nodes/Drawing/Node_F_VN_DrawLineExp_TcVnVector4_DINT.TcPOU,F_VN_DrawLineExp_TcVnVector4_DINT,ipDestImage,ipDestImage,yes,draws into or edits the image,Destination image
Node_F_VN_DrawLineExp_TcVnVector4_LREAL,src/sln/lib/mobject-graph-vision-pack/Nodes/Drawing/Node_F_VN_DrawLineExp_TcVnVector4_LREAL.TcPOU,F_VN_DrawLineExp_TcVnVector4_LREAL,ipDestImage,ipDestImage,yes,draws into or edits the image,Destination image
Node_F_VN_DrawLine_TcVnVector4_DINT,src/sln/lib/mobject-graph-vision-pack/Nodes/Drawing/Node_F_VN_DrawLine_TcVnVector4_DINT.TcPOU,F_VN_DrawLine_TcVnVector4_DINT,ipDestImage,ipDestImage,yes,draws into or edits the image,Destination image
Node_F_VN_DrawLine_TcVnVector4_LREAL,src/sln/lib/mobject-graph-vision-pack/Nodes/Drawing/Node_F_VN_DrawLine_TcVnVector4_LREAL.TcPOU,F_VN_DrawLine_TcVnVector4_LREAL,ipDestImage,ipDestImage,yes,draws into or edits the image,Destination image
Node_F_VN_DrawLines,src/sln/lib/mobject-graph-vision-pack/Nodes/Drawing/Node_F_VN_DrawLines.TcPOU,F_VN_DrawLines,ipDestImage,ipDestImage,yes,draws into or edits the image,Destination image
Node_F_VN_DrawLinesExp,src/sln/lib/mobject-graph-vision-pack/Nodes/Drawing/Node_F_VN_DrawLinesExp.TcPOU,F_VN_DrawLinesExp,ipDestImage,ipDestImage,yes,draws into or edits the image,Destination image
Node_F_VN_DrawOrientation,src/sln/lib/mobject-graph-vision-pack/Nodes/Drawing/Node_F_VN_DrawOrientation.TcPOU,F_VN_DrawOrientation,ipDestImage,ipDestImage,yes,draws into or edits the image,Destination image
Node_F_VN_DrawOrientationExp,src/sln/lib/mobject-graph-vision-pack/Nodes/Drawing/Node_F_VN_DrawOrientationExp.TcPOU,F_VN_DrawOrientationExp,ipDestImage,ipDestImage,yes,draws into or edits the image,Destination image
Node_F_VN_DrawPoint,src/sln/lib/mobject-graph-vision-pack/Nodes/Drawing/Node_F_VN_DrawPoint.TcPOU,F_VN_DrawPoint,ipDestImage,ipDestImage,yes,draws into or edits the image,Destination image
Node_F_VN_DrawPointExp,src/sln/lib/mobject-graph-vision-pack/Nodes/Drawing/Node_F_VN_DrawPointExp.TcPOU,F_VN_DrawPointExp,ipDestImage,ipDestImage,yes,draws into or edits the image,Destination image
Node_F_VN_DrawPoints,src/sln/lib/mobject-graph-vision-pack/Nodes/Drawing/Node_F_VN_DrawPoints.TcPOU,F_VN_DrawPoints,ipDestImage,ipDestImage,yes,draws into or edits the image,Destination image
Node_F_VN_DrawPointsExp,src/sln/lib/mobject-graph-vision-pack/Nodes/Drawing/Node_F_VN_DrawPointsExp.TcPOU,F_VN_DrawPointsExp,ipDestImage,ipDestImage,yes,draws into or edits the image,Destination image
Node_F_VN_DrawPolygon,src/sln/lib/mobject-graph-vision-pack/Nodes/Drawing/Node_F_VN_DrawPolygon.TcPOU,F_VN_DrawPolygon,ipDestImage,ipDestImage,yes,draws into or edits the image,Destination image
Node_F_VN_DrawPolygonExp,src/sln/lib/mobject-graph-vision-pack/Nodes/Drawing/Node_F_VN_DrawPolygonExp.TcPOU,F_VN_DrawPolygonExp,ipDestImage,ipDestImage,yes,draws into or edits the image,Destination image
Node_F_VN_DrawRectangle,src/sln/lib/mobject-graph-vision-pack/Nodes/Drawing/Node_F_VN_DrawRectangle.TcPOU,F_VN_DrawRectangle,ipDestImage,ipDestImage,yes,draws into or edits the image,Destination image
Node_F_VN_DrawRectangle_TcVnRectangle_DINT,src/sln/lib/mobject-graph-vision-pack/Nodes/Drawing/Node_F_VN_DrawRectangle_TcVnRectangle_DINT.TcPOU,F_VN_DrawRectangle_TcVnRectangle_DINT,ipDestImage,ipDestImage,yes,draws into or edits the image,Destination image
Node_F_VN_DrawRectangle_TcVnRectangle_UDINT,src/sln/lib/mobject-graph-vision-pack/Nodes/Drawing/Node_F_VN_DrawRectangle_TcVnRectangle_UDINT.TcPOU,F_VN_DrawRectangle_TcVnRectangle_UDINT,ipDestImage,ipDestImage,yes,draws into or edits the image,Destination image
Node_F_VN_DrawRotatedRectangle,src/sln/lib/mobject-graph-vision-pack/Nodes/Drawing/Node_F_VN_DrawRotatedRectangle.TcPOU,F_VN_DrawRotatedRectangle,ipDestImage,ipDestImage,yes,draws into or edits the image,Destination image
Node_F_VN_DrawRotatedRectangleExp,src/sln/lib/mobject-graph-vision-pack/Nodes/Drawing/Node_F_VN_DrawRotatedRectangleExp.TcPOU,F_VN_DrawRotatedRectangleExp,ipDestImage,ipDestImage,yes,draws into or edits the image,Destination image
Node_F_VN_FillCircle,src/sln/lib/mobject-graph-vision-pack/Nodes/Drawing/Node_F_VN_FillCircle.TcPOU,F_VN_FillCircle,ipDestImage,ipDestImage,yes,draws into or edits the image,Destination image
Node_F_VN_FillContainerExp_DINT,src/sln/lib/mobject-graph-vision-pack/Nodes/Basic Container Ops/FillContainerExp/Node_F_VN_FillContainerExp_DINT.TcPOU,F_VN_FillContainerExp_DINT,ipContainer,ipContainer,yes,edits the container,Container with basic elements
Node_F_VN_FillContainerExp_INT,src/sln/lib/mobject-graph-vision-pack/Nodes/Basic Container Ops/FillContainerExp/Node_F_VN_FillContainerExp_INT.TcPOU,F_VN_FillContainerExp_INT,ipContainer,ipContainer,yes,edits the container,Container with basic elements
Node_F_VN_FillContainerExp_ITcVnImage,src/sln/lib/mobject-graph-vision-pack/Nodes/Basic Container Ops/FillContainerExp/Node_F_VN_FillContainerExp_ITcVnImage.TcPOU,F_VN_FillContainerExp_ITcVnImage,ipContainer,ipContainer,yes,edits the container,Container with basic elements
Node_F_VN_FillContainerExp_LREAL,src/sln/lib/mobject-graph-vision-pack/Nodes/Basic Container Ops/FillContainerExp/Node_F_VN_FillContainerExp_LREAL.TcPOU,F_VN_FillContainerExp_LREAL,ipContainer,ipContainer,yes,edits the container,Container with basic elements
Node_F_VN_FillContainerExp_REAL,src/sln/lib/mobject-graph-vision-pack/Nodes/Basic Container Ops/FillContainerExp/Node_F_VN_FillContainerExp_REAL.TcPOU,F_VN_FillContainerExp_REAL,ipContainer,ipContainer,yes,edits the container,Container with basic elements
Node_F_VN_FillContainerExp_SINT,src/sln/lib/mobject-graph-vision-pack/Nodes/Basic Container Ops/FillContainerExp/Node_F_VN_FillContainerExp_SINT.TcPOU,F_VN_FillContainerExp_SINT,ipContainer,ipContainer,yes,edits the container,Container with basic elements
Node_F_VN_FillContainerExp_TcVnDMatch,src/sln/lib/mobject-graph-vision-pack/Nodes/Basic Container Ops/FillContainerExp/Node_F_VN_FillContainerExp_TcVnDMatch.TcPOU,F_VN_FillContainerExp_TcVnDMatch,ipContainer,ipContainer,yes,edits the container,Container with basic elements
Node_F_VN_FillContainerExp_TcVnKeyPoint,src/sln/lib/mobject-graph-vision-pack/Nodes/Basic Container Ops/FillContainerExp/Node_F_VN_FillContainerExp_TcVnKeyPoint.TcPOU,F_VN_FillContainerExp_TcVnKeyPoint,ipContainer,ipContainer,yes,edits the container,Container with basic elements
Node_F_VN_FillContainerExp_TcVnPoint2_DINT,src/sln/lib/mobject-graph-vision-pack/Nodes/Basic Container Ops/FillContainerExp/Node_F_VN_FillContainerExp_TcVnPoint2_DINT.TcPOU,F_VN_FillContainerExp_TcVnPoint2_DINT,ipContainer,ipContainer,yes,edits the container,Container with basic elements
Node_F_VN_FillContainerExp_TcVnPoint2_LREAL,src/sln/lib/mobject-graph-vision-pack/Nodes/Basic Container Ops/FillContainerExp/Node_F_VN_FillContainerExp_TcVnPoint2_LREAL.TcPOU,F_VN_FillContainerExp_TcVnPoint2_LREAL,ipContainer,ipContainer,yes,edits the container,Container with basic elements
Node_F_VN_FillContainerExp_TcVnPoint2_REAL,src/sln/lib/mobject-graph-vision-pack/Nodes/Basic Container Ops/FillContainerExp/Node_F_VN_FillContainerExp_TcVnPoint2_REAL.TcPOU,F_VN_FillContainerExp_TcVnPoint2_REAL,ipContainer,ipContainer,yes,edits the container,Container with basic elements
Node_F_VN_FillContainerExp_TcVnPoint3_LREAL,src/sln/lib/mobject-graph-vision-pack/Nodes/Basic Container Ops/FillContainerExp/Node_F_VN_FillContainerExp_TcVnPoint3_LREAL.TcPOU,F_VN_FillContainerExp_TcVnPoint3_LREAL,ipContainer,ipContainer,yes,edits the container,Container with basic elements
Node_F_VN_FillContainerExp_TcVnPoint3_REAL,src/sln/lib/mobject-graph-vision-pack/Nodes/Basic Container Ops/FillContainerExp/Node_F_VN_FillContainerExp_TcVnPoint3_REAL.TcPOU,F_VN_FillContainerExp_TcVnPoint3_REAL,ipContainer,ipContainer,yes,edits the container,Container with basic elements
Node_F_VN_FillContainerExp_TcVnRectangle_DINT,src/sln/lib/mobject-graph-vision-pack/Nodes/Basic Container Ops/FillContainerExp/Node_F_VN_FillContainerExp_TcVnRectangle_DINT.TcPOU,F_VN_FillContainerExp_TcVnRectangle_DINT,ipContainer,ipContainer,yes,edits the container,Container with basic elements
Node_F_VN_FillContainerExp_TcVnRotatedRectangle,src/sln/lib/mobject-graph-vision-pack/Nodes/Basic Container Ops/FillContainerExp/Node_F_VN_FillContainerExp_TcVnRotatedRectangle.TcPOU,F_VN_FillContainerExp_TcVnRotatedRectangle,ipContainer,ipContainer,yes,edits the container,Container with basic elements
Node_F_VN_FillContainerExp_TcVnVector2_DINT,src/sln/lib/mobject-graph-vision-pack/Nodes/Basic Container Ops/FillContainerExp/Node_F_VN_FillContainerExp_TcVnVector2_DINT.TcPOU,F_VN_FillContainerExp_TcVnVector2_DINT,ipContainer,ipContainer,yes,edits the container,Container with basic elements
Node_F_VN_FillContainerExp_TcVnVector2_INT,src/sln/lib/mobject-graph-vision-pack/Nodes/Basic Container Ops/FillContainerExp/Node_F_VN_FillContainerExp_TcVnVector2_INT.TcPOU,F_VN_FillContainerExp_TcVnVector2_INT,ipContainer,ipContainer,yes,edits the container,Container with basic elements
Node_F_VN_FillContainerExp_TcVnVector2_REAL,src/sln/lib/mobject-graph-vision-pack/Nodes/Basic Container Ops/FillContainerExp/Node_F_VN_FillContainerExp_TcVnVector2_REAL.TcPOU,F_VN_FillContainerExp_TcVnVector2_REAL,ipContainer,ipContainer,yes,edits the container,Container with basic elements
Node_F_VN_FillContainerExp_TcVnVector2_SINT,src/sln/lib/mobject-graph-vision-pack/Nodes/Basic Container Ops/FillContainerExp/Node_F_VN_FillContainerExp_TcVnVector2_SINT.TcPOU,F_VN_FillContainerExp_TcVnVector2_SINT,ipContainer,ipContainer,yes,edits the container,Container with basic elements
Node_F_VN_FillContainerExp_TcVnVector2_UINT,src/sln/lib/mobject-graph-vision-pack/Nodes/Basic Container Ops/FillContainerExp/Node_F_VN_FillContainerExp_TcVnVector2_UINT.TcPOU,F_VN_FillContainerExp_TcVnVector2_UINT,ipContainer,ipContainer,yes,edits the container,Container with basic elements
Node_F_VN_FillContainerExp_TcVnVector2_USINT,src/sln/lib/mobject-graph-vision-pack/Nodes/Basic Container Ops/FillContainerExp/Node_F_VN_FillContainerExp_TcVnVector2_USINT.TcPOU,F_VN_FillContainerExp_TcVnVector2_USINT,ipContainer,ipContainer,yes,edits the container,Container with basic elements
Node_F_VN_FillContainerExp_TcVnVector3_INT,src/sln/lib/mobject-graph-vision-pack/Nodes/Basic Container Ops/FillContainerExp/Node_F_VN_FillContainerExp_TcVnVector3_INT.TcPOU,F_VN_FillContainerExp_TcVnVector3_INT,ipContainer,ipContainer,yes,edits the container,Container with basic elements
Node_F_VN_FillContainerExp_TcVnVector3_REAL,src/sln/lib/mobject-graph-vision-pack/Nodes/Basic Container Ops/FillContainerExp/Node_F_VN_FillContainerExp_TcVnVector3_REAL.TcPOU,F_VN_FillContainerExp_TcVnVector3_REAL,ipContainer,ipContainer,yes,edits the container,Container with basic elements
Node_F_VN_FillContainerExp_TcVnVector3_SINT,src/sln/lib/mobject-graph-vision-pack/Nodes/Basic Container Ops/FillContainerExp/Node_F_VN_FillContainerExp_TcVnVector3_SINT.TcPOU,F_VN_FillContainerExp_TcVnVector3_SINT,ipContainer,ipContainer,yes,edits the container,Container with basic elements
Node_F_VN_FillContainerExp_TcVnVector3_UINT,src/sln/lib/mobject-graph-vision-pack/Nodes/Basic Container Ops/FillContainerExp/Node_F_VN_FillContainerExp_TcVnVector3_UINT.TcPOU,F_VN_FillContainerExp_TcVnVector3_UINT,ipContainer,ipContainer,yes,edits the container,Container with basic elements
Node_F_VN_FillContainerExp_TcVnVector3_USINT,src/sln/lib/mobject-graph-vision-pack/Nodes/Basic Container Ops/FillContainerExp/Node_F_VN_FillContainerExp_TcVnVector3_USINT.TcPOU,F_VN_FillContainerExp_TcVnVector3_USINT,ipContainer,ipContainer,yes,edits the container,Container with basic elements
Node_F_VN_FillContainerExp_TcVnVector4_DINT,src/sln/lib/mobject-graph-vision-pack/Nodes/Basic Container Ops/FillContainerExp/Node_F_VN_FillContainerExp_TcVnVector4_DINT.TcPOU,F_VN_FillContainerExp_TcVnVector4_DINT,ipContainer,ipContainer,yes,edits the container,Container with basic elements
Node_F_VN_FillContainerExp_TcVnVector4_INT,src/sln/lib/mobject-graph-vision-pack/Nodes/Basic Container Ops/FillContainerExp/Node_F_VN_FillContainerExp_TcVnVector4_INT.TcPOU,F_VN_FillContainerExp_TcVnVector4_INT,ipContainer,ipContainer,yes,edits the container,Container with basic elements
Node_F_VN_FillContainerExp_TcVnVector4_LREAL,src/sln/lib/mobject-graph-vision-pack/Nodes/Basic Container Ops/FillContainerExp/Node_F_VN_FillContainerExp_TcVnVector4_LREAL.TcPOU,F_VN_FillContainerExp_TcVnVector4_LREAL,ipContainer,ipContainer,yes,edits the container,Container with basic elements
Node_F_VN_FillContainerExp_TcVnVector4_REAL,src/sln/lib/mobject-graph-vision-pack/Nodes/Basic Container Ops/FillContainerExp/Node_F_VN_FillContainerExp_TcVnVector4_REAL.TcPOU,F_VN_FillContainerExp_TcVnVector4_REAL,ipContainer,ipContainer,yes,edits the container,Container with basic elements
Node_F_VN_FillContainerExp_TcVnVector4_SINT,src/sln/lib/mobject-graph-vision-pack/Nodes/Basic Container Ops/FillContainerExp/Node_F_VN_FillContainerExp_TcVnVector4_SINT.TcPOU,F_VN_FillContainerExp_TcVnVector4_SINT,ipContainer,ipContainer,yes,edits the container,Container with basic elements
Node_F_VN_FillContainerExp_TcVnVector4_UINT,src/sln/lib/mobject-graph-vision-pack/Nodes/Basic Container Ops/FillContainerExp/Node_F_VN_FillContainerExp_TcVnVector4_UINT.TcPOU,F_VN_FillContainerExp_TcVnVector4_UINT,ipContainer,ipContainer,yes,edits the container,Container with basic elements
Node_F_VN_FillContainerExp_TcVnVector4_USINT,src/sln/lib/mobject-graph-vision-pack/Nodes/Basic Container Ops/FillContainerExp/Node_F_VN_FillContainerExp_TcVnVector4_USINT.TcPOU,F_VN_FillContainerExp_TcVnVector4_USINT,ipContainer,ipContainer,yes,edits the container,Container with basic elements
Node_F_VN_FillContainerExp_UDINT,src/sln/lib/mobject-graph-vision-pack/Nodes/Basic Container Ops/FillContainerExp/Node_F_VN_FillContainerExp_UDINT.TcPOU,F_VN_FillContainerExp_UDINT,ipContainer,ipContainer,yes,edits the container,Container with basic elements
Node_F_VN_FillContainerExp_UINT,src/sln/lib/mobject-graph-vision-pack/Nodes/Basic Container Ops/FillContainerExp/Node_F_VN_FillContainerExp_UINT.TcPOU,F_VN_FillContainerExp_UINT,ipContainer,ipContainer,yes,edits the container,Container with basic elements
Node_F_VN_FillContainerExp_ULINT,src/sln/lib/mobject-graph-vision-pack/Nodes/Basic Container Ops/FillContainerExp/Node_F_VN_FillContainerExp_ULINT.TcPOU,F_VN_FillContainerExp_ULINT,ipContainer,ipContainer,yes,edits the container,Container with basic elements
Node_F_VN_FillContainerExp_USINT,src/sln/lib/mobject-graph-vision-pack/Nodes/Basic Container Ops/FillContainerExp/Node_F_VN_FillContainerExp_USINT.TcPOU,F_VN_FillContainerExp_USINT,ipContainer,ipContainer,yes,edits the container,Container with basic elements
Node_F_VN_FillContainer_DINT,src/sln/lib/mobject-graph-vision-pack/Nodes/Basic Container Ops/FillContainer/Node_F_VN_FillContainer_DINT.TcPOU,F_VN_FillContainer_DINT,ipContainer,ipContainer,yes,edits the container,Container with basic elements
Node_F_VN_FillContainer_INT,src/sln/lib/mobject-graph-vision-pack/Nodes/Basic Container Ops/FillContainer/Node_F_VN_FillContainer_INT.TcPOU,F_VN_FillContainer_INT,ipContainer,ipContainer,yes,edits the container,Container with basic elements
Node_F_VN_FillContainer_ITcVnImage,src/sln/lib/mobject-graph-vision-pack/Nodes/Basic Container Ops/FillContainer/Node_F_VN_FillContainer_ITcVnImage.TcPOU,F_VN_FillContainer_ITcVnImage,ipContainer,ipContainer,yes,edits the container,Container with basic elements
Node_F_VN_FillContainer_LREAL,src/sln/lib/mobject-graph-vision-pack/Nodes/Basic Container Ops/FillContainer/Node_F_VN_FillContainer_LREAL.TcPOU,F_VN_FillContainer_LREAL,ipContainer,ipContainer,yes,edits the container,Container with basic elements
Node_F_VN_FillContainer_REAL,src/sln/lib/mobject-graph-vision-pack/Nodes/Basic Container Ops/FillContainer/Node_F_VN_FillContainer_REAL.TcPOU,F_VN_FillContainer_REAL,ipContainer,ipContainer,yes,edits the container,Container with basic elements
Node_F_VN_FillContainer_SINT,src/sln/lib/mobject-graph-vision-pack/Nodes/Basic Container Ops/FillContainer/Node_F_VN_FillContainer_SINT.TcPOU,F_VN_FillContainer_SINT,ipContainer,ipContainer,yes,edits the container,Container with basic elements
Node_F_VN_FillContainer_TcVnDMatch,src/sln/lib/mobject-graph-vision-pack/Nodes/Basic Container Ops/FillContainer/Node_F_VN_FillContainer_TcVnDMatch.TcPOU,F_VN_FillContainer_TcVnDMatch,ipContainer,ipContainer,yes,edits the container,Container with basic elements
Node_F_VN_FillContainer_TcVnKeyPoint,src/sln/lib/mobject-graph-vision-pack/Nodes/Basic Container Ops/FillContainer/Node_F_VN_FillContainer_TcVnKeyPoint.TcPOU,F_VN_FillContainer_TcVnKeyPoint,ipContainer,ipContainer,yes,edits the container,Container with basic elements
Node_F_VN_FillContainer_TcVnPoint2_DINT,src/sln/lib/mobject-graph-vision-pack/Nodes/Basic Container Ops/FillContainer/Node_F_VN_FillContainer_TcVnPoint2_DINT.TcPOU,F_VN_FillContainer_TcVnPoint2_DINT,ipContainer,ipContainer,yes,edits the container,Container with basic elements
Node_F_VN_FillContainer_TcVnPoint2_LREAL,src/sln/lib/mobject-graph-vision-pack/Nodes/Basic Container Ops/FillContainer/Node_F_VN_FillContainer_TcVnPoint2_LREAL.TcPOU,F_VN_FillContainer_TcVnPoint2_LREAL,ipContainer,ipContainer,yes,edits the container,Container with basic elements
Node_F_VN_FillContainer_TcVnPoint2_REAL,src/sln/lib/mobject-graph-vision-pack/Nodes/Basic Container Ops/FillContainer/Node_F_VN_FillContainer_TcVnPoint2_REAL.TcPOU,F_VN_FillContainer_TcVnPoint2_REAL,ipContainer,ipContainer,yes,edits the container,Container with basic elements
Node_F_VN_FillContainer_TcVnPoint3_LREAL,src/sln/lib/mobject-graph-vision-pack/Nodes/Basic Container Ops/FillContainer/Node_F_VN_FillContainer_TcVnPoint3_LREAL.TcPOU,F_VN_FillContainer_TcVnPoint3_LREAL,ipContainer,ipContainer,yes,edits the container,Container with basic elements
Node_F_VN_FillContainer_TcVnPoint3_REAL,src/sln/lib/mobject-graph-vision-pack/Nodes/Basic Container Ops/FillContainer/Node_F_VN_FillContainer_TcVnPoint3_REAL.TcPOU,F_VN_FillContainer_TcVnPoint3_REAL,ipContainer,ipContainer,yes,edits the container,Container with basic elements
Node_F_VN_FillContainer_TcVnRectangle_DINT,src/sln/lib/mobject-graph-vision-pack/Nodes/Basic Container Ops/FillContainer/Node_F_VN_FillContainer_TcVnRectangle_DINT.TcPOU,F_VN_FillContainer_TcVnRectangle_DINT,ipContainer,ipContainer,yes,edits the container,Container with basic elements
Node_F_VN_FillContainer_TcVnRotatedRectangle,src/sln/lib/mobject-graph-vision-pack/Nodes/Basic Container Ops/FillContainer/Node_F_VN_FillContainer_TcVnRotatedRectangle.TcPOU,F_VN_FillContainer_TcVnRotatedRectangle,ipContainer,ipContainer,yes,edits the container,Container with basic elements
Node_F_VN_FillContainer_TcVnVector2_DINT,src/sln/lib/mobject-graph-vision-pack/Nodes/Basic Container Ops/FillContainer/Node_F_VN_FillContainer_TcVnVector2_DINT.TcPOU,F_VN_FillContainer_TcVnVector2_DINT,ipContainer,ipContainer,yes,edits the container,Container with basic elements
Node_F_VN_FillContainer_TcVnVector2_INT,src/sln/lib/mobject-graph-vision-pack/Nodes/Basic Container Ops/FillContainer/Node_F_VN_FillContainer_TcVnVector2_INT.TcPOU,F_VN_FillContainer_TcVnVector2_INT,ipContainer,ipContainer,yes,edits the container,Container with basic elements
Node_F_VN_FillContainer_TcVnVector2_REAL,src/sln/lib/mobject-graph-vision-pack/Nodes/Basic Container Ops/FillContainer/Node_F_VN_FillContainer_TcVnVector2_REAL.TcPOU,F_VN_FillContainer_TcVnVector2_REAL,ipContainer,ipContainer,yes,edits the container,Container with basic elements
Node_F_VN_FillContainer_TcVnVector2_SINT,src/sln/lib/mobject-graph-vision-pack/Nodes/Basic Container Ops/FillContainer/Node_F_VN_FillContainer_TcVnVector2_SINT.TcPOU,F_VN_FillContainer_TcVnVector2_SINT,ipContainer,ipContainer,yes,edits the container,Container with basic elements
Node_F_VN_FillContainer_TcVnVector2_UINT,src/sln/lib/mobject-graph-vision-pack/Nodes/Basic Container Ops/FillContainer/Node_F_VN_FillContainer_TcVnVector2_UINT.TcPOU,F_VN_FillContainer_TcVnVector2_UINT,ipContainer,ipContainer,yes,edits the container,Container with basic elements
Node_F_VN_FillContainer_TcVnVector2_USINT,src/sln/lib/mobject-graph-vision-pack/Nodes/Basic Container Ops/FillContainer/Node_F_VN_FillContainer_TcVnVector2_USINT.TcPOU,F_VN_FillContainer_TcVnVector2_USINT,ipContainer,ipContainer,yes,edits the container,Container with basic elements
Node_F_VN_FillContainer_TcVnVector3_INT,src/sln/lib/mobject-graph-vision-pack/Nodes/Basic Container Ops/FillContainer/Node_F_VN_FillContainer_TcVnVector3_INT.TcPOU,F_VN_FillContainer_TcVnVector3_INT,ipContainer,ipContainer,yes,edits the container,Container with basic elements
Node_F_VN_FillContainer_TcVnVector3_REAL,src/sln/lib/mobject-graph-vision-pack/Nodes/Basic Container Ops/FillContainer/Node_F_VN_FillContainer_TcVnVector3_REAL.TcPOU,F_VN_FillContainer_TcVnVector3_REAL,ipContainer,ipContainer,yes,edits the container,Container with basic elements
Node_F_VN_FillContainer_TcVnVector3_SINT,src/sln/lib/mobject-graph-vision-pack/Nodes/Basic Container Ops/FillContainer/Node_F_VN_FillContainer_TcVnVector3_SINT.TcPOU,F_VN_FillContainer_TcVnVector3_SINT,ipContainer,ipContainer,yes,edits the container,Container with basic elements
Node_F_VN_FillContainer_TcVnVector3_UINT,src/sln/lib/mobject-graph-vision-pack/Nodes/Basic Container Ops/FillContainer/Node_F_VN_FillContainer_TcVnVector3_UINT.TcPOU,F_VN_FillContainer_TcVnVector3_UINT,ipContainer,ipContainer,yes,edits the container,Container with basic elements
Node_F_VN_FillContainer_TcVnVector3_USINT,src/sln/lib/mobject-graph-vision-pack/Nodes/Basic Container Ops/FillContainer/Node_F_VN_FillContainer_TcVnVector3_USINT.TcPOU,F_VN_FillContainer_TcVnVector3_USINT,ipContainer,ipContainer,yes,edits the container,Container with basic elements
Node_F_VN_FillContainer_TcVnVector4_DINT,src/sln/lib/mobject-graph-vision-pack/Nodes/Basic Container Ops/FillContainer/Node_F_VN_FillContainer_TcVnVector4_DINT.TcPOU,F_VN_FillContainer_TcVnVector4_DINT,ipContainer,ipContainer,yes,edits the container,Container with basic elements
Node_F_VN_FillContainer_TcVnVector4_INT,src/sln/lib/mobject-graph-vision-pack/Nodes/Basic Container Ops/FillContainer/Node_F_VN_FillContainer_TcVnVector4_INT.TcPOU,F_VN_FillContainer_TcVnVector4_INT,ipContainer,ipContainer,yes,edits the container,Container with basic elements
Node_F_VN_FillContainer_TcVnVector4_LREAL,src/sln/lib/mobject-graph-vision-pack/Nodes/Basic Container Ops/FillContainer/Node_F_VN_FillContainer_TcVnVector4_LREAL.TcPOU,F_VN_FillContainer_TcVnVector4_LREAL,ipContainer,ipContainer,yes,edits the container,Container with basic elements
Node_F_VN_FillContainer_TcVnVector4_REAL,src/sln/lib/mobject-graph-vision-pack/Nodes/Basic Container Ops/AppendToContainer/Node_F_VN_FillContainer_TcVnVector4_REAL.TcPOU,F_VN_FillContainer_TcVnVector4_REAL,ipContainer,ipContainer,yes,edits the container,Container with basic elements
Node_F_VN_FillContainer_TcVnVector4_SINT,src/sln/lib/mobject-graph-vision-pack/Nodes/Basic Container Ops/FillContainer/Node_F_VN_FillContainer_TcVnVector4_SINT.TcPOU,F_VN_FillContainer_TcVnVector4_SINT,ipContainer,ipContainer,yes,edits the container,Container with basic elements
Node_F_VN_FillContainer_TcVnVector4_UINT,src/sln/lib/mobject-graph-vision-pack/Nodes/Basic Container Ops/FillContainer/Node_F_VN_FillContainer_TcVnVector4_UINT.TcPOU,F_VN_FillContainer_TcVnVector4_UINT,ipContainer,ipContainer,yes,edits the container,Container with basic elements
Node_F_VN_FillContainer_TcVnVector4_USINT,src/sln/lib/mobject-graph-vision-pack/Nodes/Basic Container Ops/FillContainer/Node_F_VN_FillContainer_TcVnVector4_USINT.TcPOU,F_VN_FillContainer_TcVnVector4_USINT,ipContainer,ipContainer,yes,edits the container,Container with basic elements
Node_F_VN_FillContainer_UDINT,src/sln/lib/mobject-graph-vision-pack/Nodes/Basic Container Ops/FillContainer/Node_F_VN_FillContainer_UDINT.TcPOU,F_VN_FillContainer_UDINT,ipContainer,ipContainer,yes,edits the container,Container with basic elements
Node_F_VN_FillContainer_UINT,src/sln/lib/mobject-graph-vision-pack/Nodes/Basic Container Ops/FillContainer/Node_F_VN_FillContainer_UINT.TcPOU,F_VN_FillContainer_UINT,ipContainer,ipContainer,yes,edits the container,Container with basic elements
Node_F_VN_FillContainer_ULINT,src/sln/lib/mobject-graph-vision-pack/Nodes/Basic Container Ops/FillContainer/Node_F_VN_FillContainer_ULINT.TcPOU,F_VN_FillContainer_ULINT,ipContainer,ipContainer,yes,edits the container,Container with basic elements
Node_F_VN_FillContainer_USINT,src/sln/lib/mobject-graph-vision-pack/Nodes/Basic Container Ops/FillContainer/Node_F_VN_FillContainer_USINT.TcPOU,F_VN_FillContainer_USINT,ipContainer,ipContainer,yes,edits the container,Container with basic elements
Node_F_VN_FillContours,src/sln/lib/mobject-graph-vision-pack/Nodes/Drawing/Node_F_VN_FillContours.TcPOU,F_VN_FillContours,ipDestImage,ipDestImage,yes,draws into or edits the image,Destination image
Node_F_VN_FillEllipse,src/sln/lib/mobject-graph-vision-pack/Nodes/Drawing/Node_F_VN_FillEllipse.TcPOU,F_VN_FillEllipse,ipDestImage,ipDestImage,yes,draws into or edits the image,Destination image
Node_F_VN_FillPolygon,src/sln/lib/mobject-graph-vision-pack/Nodes/Drawing/Node_F_VN_FillPolygon.TcPOU,F_VN_FillPolygon,ipDestImage,ipDestImage,yes,draws into or edits the image,Destination image
Node_F_VN_FillRectangle,src/sln/lib/mobject-graph-vision-pack/Nodes/Drawing/Node_F_VN_FillRectangle.TcPOU,F_VN_FillRectangle,ipDestImage,ipDestImage,yes,draws into or edits the image,Destination image
Node_F_VN_FillRotatedRectangle,src/sln/lib/mobject-graph-vision-pack/Nodes/Drawing/Node_F_VN_FillRotatedRectangle.TcPOU,F_VN_FillRotatedRectangle,ipDestImage,ipDestImage,yes,draws into or edits the image,Destination image
Node_F_VN_HoughLines,src/sln/lib/mobject-graph-vision-pack/Nodes/Image Analysis/Object Detection/Node_F_VN_HoughLines.TcPOU,F_VN_HoughLines,ipSrcImage,ipSrcImage,no,documented as possibly modifying the image,"Source image (USINT, 1 channel, binary, may be modified by the function)"
Node_F_VN_HoughLinesP,src/sln/lib/mobject-graph-vision-pack/Nodes/Image Analysis/Object Detection/Node_F_VN_HoughLinesP.TcPOU,F_VN_HoughLinesP,ipSrcImage,ipSrcImage,no,documented as possibly modifying the image,"Source image (USINT, 1 channel, binary, may be modified by the function)"
Node_F_VN_HoughLinesPExp,src/sln/lib/mobject-graph-vision-pack/Nodes/Image Analysis/Object Detection/Node_F_VN_HoughLinesPExp.TcPOU,F_VN_HoughLinesPExp,ipSrcImage,ipSrcImage,no,documented as possibly modifying the image,"Source image (USINT, 1 channel, binary, may be modified by the function)"
Node_F_VN_InsertIntoContainer_DINT,src/sln/lib/mobject-graph-vision-pack/Nodes/Basic Container Ops/InsertIntoContainer/Node_F_VN_InsertIntoContainer_DINT.TcPOU,F_VN_InsertIntoContainer_DINT,ipContainer,ipContainer,yes,edits the container,Container in which to insert the element
Node_F_VN_InsertIntoContainer_INT,src/sln/lib/mobject-graph-vision-pack/Nodes/Basic Container Ops/InsertIntoContainer/Node_F_VN_InsertIntoContainer_INT.TcPOU,F_VN_InsertIntoContainer_INT,ipContainer,ipContainer,yes,edits the container,Container in which to insert the element
Node_F_VN_InsertIntoContainer_ITcVnContainer,src/sln/lib/mobject-graph-vision-pack/Nodes/Basic Container Ops/InsertIntoContainer/Node_F_VN_InsertIntoContainer_ITcVnContainer.TcPOU,F_VN_InsertIntoContainer_ITcVnContainer,ipContainer,ipContainer,yes,edits the container,Container in which to insert the element
Node_F_VN_InsertIntoContainer_ITcVnImage,src/sln/lib/mobject-graph-vision-pack/Nodes/Basic Container Ops/InsertIntoContainer/Node_F_VN_InsertIntoContainer_ITcVnImage.TcPOU,F_VN_InsertIntoContainer_ITcVnImage,ipContainer,ipContainer,yes,edits the container,Container in which to insert the element
Node_F_VN_InsertIntoContainer_LREAL,src/sln/lib/mobject-graph-vision-pack/Nodes/Basic Container Ops/InsertIntoContainer/Node_F_VN_InsertIntoContainer_LREAL.TcPOU,F_VN_InsertIntoContainer_LREAL,ipContainer,ipContainer,yes,edits the container,Container in which to insert the element
Node_F_VN_InsertIntoContainer_REAL,src/sln/lib/mobject-graph-vision-pack/Nodes/Basic Container Ops/InsertIntoContainer/Node_F_VN_InsertIntoContainer_REAL.TcPOU,F_VN_InsertIntoContainer_REAL,ipContainer,ipContainer,yes,edits the container,Container in which to insert the element
Node_F_VN_InsertIntoContainer_SINT,src/sln/lib/mobject-graph-vision-pack/Nodes/Basic Container Ops/InsertIntoContainer/Node_F_VN_InsertIntoContainer_SINT.TcPOU,F_VN_InsertIntoContainer_SINT,ipContainer,ipContainer,yes,edits the container,Container in which to insert the element
Node_F_VN_InsertIntoContainer_TcVnDMatch,src/sln/lib/mobject-graph-vision-pack/Nodes/Basic Container Ops/InsertIntoContainer/Node_F_VN_InsertIntoContainer_TcVnDMatch.TcPOU,F_VN_InsertIntoContainer_TcVnDMatch,ipContainer,ipContainer,yes,edits the container,Container in which to insert the element
Node_F_VN_InsertIntoContainer_TcVnKeyPoint,src/sln/lib/mobject-graph-vision-pack/Nodes/Basic Container Ops/InsertIntoContainer/Node_F_VN_InsertIntoContainer_TcVnKeyPoint.TcPOU,F_VN_InsertIntoContainer_TcVnKeyPoint,ipContainer,ipContainer,yes,edits the container,Container in which to insert the element
Node_F_VN_InsertIntoContainer_TcVnPoint2_DINT,src/sln/lib/mobject-graph-vision-pack/Nodes/Basic Container Ops/InsertIntoContainer/Node_F_VN_InsertIntoContainer_TcVnPoint2_DINT.TcPOU,F_VN_InsertIntoContainer_TcVnPoint2_DINT,ipContainer,ipContainer,yes,edits the container,Container in which to insert the element
Node_F_VN_InsertIntoContainer_TcVnPoint2_LREAL,src/sln/lib/mobject-graph-vision-pack/Nodes/Basic Container Ops/InsertIntoContainer/Node_F_VN_InsertIntoContainer_TcVnPoint2_LREAL.TcPOU,F_VN_InsertIntoContainer_TcVnPoint2_LREAL,ipContainer,ipContainer,yes,edits the container,Container in which to insert the element
Node_F_VN_InsertIntoContainer_TcVnPoint2_REAL,src/sln/lib/mobject-graph-vision-pack/Nodes/Basic Container Ops/InsertIntoContainer/Node_F_VN_InsertIntoContainer_TcVnPoint2_REAL.TcPOU,F_VN_InsertIntoContainer_TcVnPoint2_REAL,ipContainer,ipContainer,yes,edits the container,Container in which to insert the element
Node_F_VN_InsertIntoContainer_TcVnPoint3_LREAL,src/sln/lib/mobject-graph-vision-pack/Nodes/Basic Container Ops/InsertIntoContainer/Node_F_VN_InsertIntoContainer_TcVnPoint3_LREAL.TcPOU,F_VN_InsertIntoContainer_TcVnPoint3_LREAL,ipContainer,ipContainer,yes,edits the container,Container in which to insert the element
Node_F_VN_InsertIntoContainer_TcVnPoint3_REAL,src/sln/lib/mobject-graph-vision-pack/Nodes/Basic Container Ops/InsertIntoContainer/Node_F_VN_InsertIntoContainer_TcVnPoint3_REAL.TcPOU,F_VN_InsertIntoContainer_TcVnPoint3_REAL,ipContainer,ipContainer,yes,edits the container,Container in which to insert the element
Node_F_VN_InsertIntoContainer_TcVnRectangle_DINT,src/sln/lib/mobject-graph-vision-pack/Nodes/Basic Container Ops/InsertIntoContainer/Node_F_VN_InsertIntoContainer_TcVnRectangle_DINT.TcPOU,F_VN_InsertIntoContainer_TcVnRectangle_DINT,ipContainer,ipContainer,yes,edits the container,Container in which to insert the element
Node_F_VN_InsertIntoContainer_TcVnRotatedRectangle,src/sln/lib/mobject-graph-vision-pack/Nodes/Basic Container Ops/InsertIntoContainer/Node_F_VN_InsertIntoContainer_TcVnRotatedRectangle.TcPOU,F_VN_InsertIntoContainer_TcVnRotatedRectangle,ipContainer,ipContainer,yes,edits the container,Container in which to insert the element
Node_F_VN_InsertIntoContainer_TcVnVector2_DINT,src/sln/lib/mobject-graph-vision-pack/Nodes/Basic Container Ops/InsertIntoContainer/Node_F_VN_InsertIntoContainer_TcVnVector2_DINT.TcPOU,F_VN_InsertIntoContainer_TcVnVector2_DINT,ipContainer,ipContainer,yes,edits the container,Container in which to insert the element
Node_F_VN_InsertIntoContainer_TcVnVector2_INT,src/sln/lib/mobject-graph-vision-pack/Nodes/Basic Container Ops/InsertIntoContainer/Node_F_VN_InsertIntoContainer_TcVnVector2_INT.TcPOU,F_VN_InsertIntoContainer_TcVnVector2_INT,ipContainer,ipContainer,yes,edits the container,Container in which to insert the element
Node_F_VN_InsertIntoContainer_TcVnVector2_REAL,src/sln/lib/mobject-graph-vision-pack/Nodes/Basic Container Ops/InsertIntoContainer/Node_F_VN_InsertIntoContainer_TcVnVector2_REAL.TcPOU,F_VN_InsertIntoContainer_TcVnVector2_REAL,ipContainer,ipContainer,yes,edits the container,Container in which to insert the element
Node_F_VN_InsertIntoContainer_TcVnVector2_SINT,src/sln/lib/mobject-graph-vision-pack/Nodes/Basic Container Ops/InsertIntoContainer/Node_F_VN_InsertIntoContainer_TcVnVector2_SINT.TcPOU,F_VN_InsertIntoContainer_TcVnVector2_SINT,ipContainer,ipContainer,yes,edits the container,Container in which to insert the element
Node_F_VN_InsertIntoContainer_TcVnVector2_UINT,src/sln/lib/mobject-graph-vision-pack/Nodes/Basic Container Ops/InsertIntoContainer/Node_F_VN_InsertIntoContainer_TcVnVector2_UINT.TcPOU,F_VN_InsertIntoContainer_TcVnVector2_UINT,ipContainer,ipContainer,yes,edits the container,Container in which to insert the element
Node_F_VN_InsertIntoContainer_TcVnVector2_USINT,src/sln/lib/mobject-graph-vision-pack/Nodes/Basic Container Ops/InsertIntoContainer/Node_F_VN_InsertIntoContainer_TcVnVector2_USINT.TcPOU,F_VN_InsertIntoContainer_TcVnVector2_USINT,ipContainer,ipContainer,yes,edits the container,Container in which to insert the element
Node_F_VN_InsertIntoContainer_TcVnVector3_INT,src/sln/lib/mobject-graph-vision-pack/Nodes/Basic Container Ops/InsertIntoContainer/Node_F_VN_InsertIntoContainer_TcVnVector3_INT.TcPOU,F_VN_InsertIntoContainer_TcVnVector3_INT,ipContainer,ipContainer,yes,edits the container,Container in which to insert the element
Node_F_VN_InsertIntoContainer_TcVnVector3_REAL,src/sln/lib/mobject-graph-vision-pack/Nodes/Basic Container Ops/InsertIntoContainer/Node_F_VN_InsertIntoContainer_TcVnVector3_REAL.TcPOU,F_VN_InsertIntoContainer_TcVnVector3_REAL,ipContainer,ipContainer,yes,edits the container,Container in which to insert the element
Node_F_VN_InsertIntoContainer_TcVnVector3_SINT,src/sln/lib/mobject-graph-vision-pack/Nodes/Basic Container Ops/InsertIntoContainer/Node_F_VN_InsertIntoContainer_TcVnVector3_SINT.TcPOU,F_VN_InsertIntoContainer_TcVnVector3_SINT,ipContainer,ipContainer,yes,edits the container,Container in which to insert the element
Node_F_VN_InsertIntoContainer_TcVnVector3_UINT,src/sln/lib/mobject-graph-vision-pack/Nodes/Basic Container Ops/InsertIntoContainer/Node_F_VN_InsertIntoContainer_TcVnVector3_UINT.TcPOU,F_VN_InsertIntoContainer_TcVnVector3_UINT,ipContainer,ipContainer,yes,edits the container,Container in which to insert the element
Node_F_VN_InsertIntoContainer_TcVnVector3_USINT,src/sln/lib/mobject-graph-vision-pack/Nodes/Basic Container Ops/InsertIntoContainer/Node_F_VN_InsertIntoContainer_TcVnVector3_USINT.TcPOU,F_VN_InsertIntoContainer_TcVnVector3_USINT,ipContainer,ipContainer,yes,edits the container,Container in which to insert the element
Node_F_VN_InsertIntoContainer_TcVnVector4_DINT,src/sln/lib/mobject-graph-vision-pack/Nodes/Basic Container Ops/InsertIntoContainer/Node_F_VN_InsertIntoContainer_TcVnVector4_DINT.TcPOU,F_VN_InsertIntoContainer_TcVnVector4_DINT,ipContainer,ipContainer,yes,edits the container,Container in which to insert the element
Node_F_VN_InsertIntoContainer_TcVnVector4_INT,src/sln/lib/mobject-graph-vision-pack/Nodes/Basic Container Ops/InsertIntoContainer/Node_F_VN_InsertIntoContainer_TcVnVector4_INT.TcPOU,F_VN_InsertIntoContainer_TcVnVector4_INT,ipContainer,ipContainer,yes,edits the container,Container in which to insert the element
Node_F_VN_InsertIntoContainer_TcVnVector4_LREAL,src/sln/lib/mobject-graph-vision-pack/Nodes/Basic Container Ops/InsertIntoContainer/Node_F_VN_InsertIntoContainer_TcVnVector4_LREAL.TcPOU,F_VN_InsertIntoContainer_TcVnVector4_LREAL,ipContainer,ipContainer,yes,edits the container,Container in which to insert the element
Node_F_VN_InsertIntoContainer_TcVnVector4_REAL,src/sln/lib/mobject-graph-vision-pack/Nodes/Basic Container Ops/InsertIntoContainer/Node_F_VN_InsertIntoContainer_TcVnVector4_REAL.TcPOU,F_VN_InsertIntoContainer_TcVnVector4_REAL,ipContainer,ipContainer,yes,edits the container,Container in which to insert the element
Node_F_VN_InsertIntoContainer_TcVnVector4_SINT,src/sln/lib/mobject-graph-vision-pack/Nodes/Basic Container Ops/InsertIntoContainer/Node_F_VN_InsertIntoContainer_TcVnVector4_SINT.TcPOU,F_VN_InsertIntoContainer_TcVnVector4_SINT,ipContainer,ipContainer,yes,edits the container,Container in which to insert the element
Node_F_VN_InsertIntoContainer_TcVnVector4_UINT,src/sln/lib/mobject-graph-vision-pack/Nodes/Basic Container Ops/InsertIntoContainer/Node_F_VN_InsertIntoContainer_TcVnVector4_UINT.TcPOU,F_VN_InsertIntoContainer_TcVnVector4_UINT,ipContainer,ipContainer,yes,edits the container,Container in which to insert the element
Node_F_VN_InsertIntoContainer_TcVnVector4_USINT,src/sln/lib/mobject-graph-vision-pack/Nodes/Basic Container Ops/InsertIntoContainer/Node_F_VN_InsertIntoContainer_TcVnVector4_USINT.TcPOU,F_VN_InsertIntoContainer_TcVnVector4_USINT,ipContainer,ipContainer,yes,edits the container,Container in which to insert the element
Node_F_VN_InsertIntoContainer_UDINT,src/sln/lib/mobject-graph-vision-pack/Nodes/Basic Container Ops/InsertIntoContainer/Node_F_VN_InsertIntoContainer_UDINT.TcPOU,F_VN_InsertIntoContainer_UDINT,ipContainer,ipContainer,yes,edits the container,Container in which to insert the element
Node_F_VN_InsertIntoContainer_UINT,src/sln/lib/mobject-graph-vision-pack/Nodes/Basic Container Ops/InsertIntoContainer/Node_F_VN_InsertIntoContainer_UINT.TcPOU,F_VN_InsertIntoContainer_UINT,ipContainer,ipContainer,yes,edits the container,Container in which to insert the element
Node_F_VN_InsertIntoContainer_ULINT,src/sln/lib/mobject-graph-vision-pack/Nodes/Basic Container Ops/InsertIntoContainer/Node_F_VN_InsertIntoContainer_ULINT.TcPOU,F_VN_InsertIntoContainer_ULINT,ipContainer,ipContainer,yes,edits the container,Container in which to insert the element
Node_F_VN_InsertIntoContainer_USINT,src/sln/lib/mobject-graph-vision-pack/Nodes/Basic Container Ops/InsertIntoContainer/Node_F_VN_InsertIntoContainer_USINT.TcPOU,F_VN_InsertIntoContainer_USINT,ipContainer,ipContainer,yes,edits the container,Container in which to insert the element
Node_F_VN_PutLabel,src/sln/lib/mobject-graph-vision-pack/Nodes/Drawing/Node_F_VN_PutLabel.TcPOU,F_VN_PutLabel,ipDestImage,ipDestImage,yes,draws into or edits the image,Destination image
Node_F_VN_PutLabelExp,src/sln/lib/mobject-graph-vision-pack/Nodes/Drawing/Node_F_VN_PutLabelExp.TcPOU,F_VN_PutLabelExp,ipDestImage,ipDestImage,yes,draws into or edits the image,Destination image
Node_F_VN_PutText,src/sln/lib/mobject-graph-vision-pack/Nodes/Drawing/Node_F_VN_PutText.TcPOU,F_VN_PutText,ipDestImage,ipDestImage,yes,draws into or edits the image,Destination image
Node_F_VN_PutTextExp,src/sln/lib/mobject-graph-vision-pack/Nodes/Drawing/Node_F_VN_PutTextExp.TcPOU,F_VN_PutTextExp,ipDestImage,ipDestImage,yes,draws into or edits the image,Destination image
Node_F_VN_ResetRoi,src/sln/lib/mobject-graph-vision-pack/Nodes/Basic Image Ops/Node_F_VN_ResetRoi.TcPOU,F_VN_ResetRoi,ipImage,ipImage,yes,edits the image,Image
Node_F_VN_ReverseContainer,src/sln/lib/mobject-graph-vision-pack/Nodes/Basic Container Ops/Node_F_VN_ReverseContainer.TcPOU,F_VN_ReverseContainer,ipContainer,ipContainer,no,edits the container,Container to be reversed
Node_F_VN_SetAt_DINT,src/sln/lib/mobject-graph-vision-pack/Nodes/Basic Container Ops/SetAt/Node_F_VN_SetAt_DINT.TcPOU,F_VN_SetAt_DINT,ipContainer,ipContainer,yes,edits the container,"Container with DINT elements, in which the element at position nIndex is replaced by nElement"
Node_F_VN_SetAt_INT,src/sln/lib/mobject-graph-vision-pack/Nodes/Basic Container Ops/SetAt/Node_F_VN_SetAt_INT.TcPOU,F_VN_SetAt_INT,ipContainer,ipContainer,yes,edits the container,"Container with INT elements, in which the element at position nIndex is replaced by nElement"
Node_F_VN_SetAt_ITcVnContainer,src/sln/lib/mobject-graph-vision-pack/Nodes/Basic Container Ops/SetAt/Node_F_VN_SetAt_ITcVnContainer.TcPOU,F_VN_SetAt_ITcVnContainer,ipContainer,ipContainer,yes,edits the container,"Container with ITcVnContainer elements, in which the element at position nIndex is replaced by ipElement"
Node_F_VN_SetAt_ITcVnImage,src/sln/lib/mobject-graph-vision-pack/Nodes/Basic Container Ops/SetAt/Node_F_VN_SetAt_ITcVnImage.TcPOU,F_VN_SetAt_ITcVnImage,ipContainer,ipContainer,yes,edits the container,"Container with ITcVnImage elements, in which the element at position nIndex is replaced by ipElement"
Node_F_VN_SetAt_LREAL,src/sln/lib/mobject-graph-vision-pack/Nodes/Basic Container Ops/SetAt/Node_F_VN_SetAt_LREAL.TcPOU,F_VN_SetAt_LREAL,ipContainer,ipContainer,yes,edits the container,"Container with LREAL elements, in which the element at position nIndex is replaced by fElement"
Node_F_VN_SetAt_REAL,src/sln/lib/mobject-graph-vision-pack/Nodes/Basic Container Ops/SetAt/Node_F_VN_SetAt_REAL.TcPOU,F_VN_SetAt_REAL,ipContainer,ipContainer,yes,edits the container,"Container with REAL elements, in which the element at position nIndex is replaced by fElement"
Node_F_VN_SetAt_SINT,src/sln/lib/mobject-graph-vision-pack/Nodes/Basic Container Ops/SetAt/Node_F_VN_SetAt_SINT.TcPOU,F_VN_SetAt_SINT,ipContainer,ipContainer,yes,edits the container,"Container with SINT elements, in which the element at position nIndex is replaced by nElement"
Node_F_VN_SetAt_TcVnDMatch,src/sln/lib/mobject-graph-vision-pack/Nodes/Basic Container Ops/SetAt/Node_F_VN_SetAt_TcVnDMatch.TcPOU,F_VN_SetAt_TcVnDMatch,ipContainer,ipContainer,yes,edits the container,"Container with TcVnDMatch elements, in which the element at position nIndex is replaced by stElement"
Node_F_VN_SetAt_TcVnKeyPoint,src/sln/lib/mobject-graph-vision-pack/Nodes/Basic Container Ops/SetAt/Node_F_VN_SetAt_TcVnKeyPoint.TcPOU,F_VN_SetAt_TcVnKeyPoint,ipContainer,ipContainer,yes,edits the container,"Container with TcVnKeyPoint elements, in which the element at position nIndex is replaced by stElement"
Node_F_VN_SetAt_TcVnPoint2_DINT,src/sln/lib/mobject-graph-vision-pack/Nodes/Basic Container Ops/SetAt/Node_F_VN_SetAt_TcVnPoint2_DINT.TcPOU,F_VN_SetAt_TcVnPoint2_DINT,ipContainer,ipContainer,yes,edits the container,"Container with TcVnPoint2_DINT elements, in which the element at position nIndex is replaced by aElement"
Node_F_VN_SetAt_TcVnPoint2_LREAL,src/sln/lib/mobject-graph-vision-pack/Nodes/Basic Container Ops/SetAt/Node_F_VN_SetAt_TcVnPoint2_LREAL.TcPOU,F_VN_SetAt_TcVnPoint2_LREAL,ipContainer,ipContainer,yes,edits the container,"Container with TcVnPoint2_LREAL elements, in which the element at position nIndex is replaced by aElement"
Node_F_VN_SetAt_TcVnPoint2_REAL,src/sln/lib/mobject-graph-vision-pack/Nodes/Basic Container Ops/SetAt/Node_F_VN_SetAt_TcVnPoint2_REAL.TcPOU,F_VN_SetAt_TcVnPoint2_REAL,ipContainer,ipContainer,yes,edits the container,"Container with TcVnPoint2_REAL elements, in which the element at position nIndex is replaced by aElement"
Node_F_VN_SetAt_TcVnPoint3_LREAL,src/sln/lib/mobject-graph-vision-pack/Nodes/Basic Container Ops/SetAt/Node_F_VN_SetAt_TcVnPoint3_LREAL.TcPOU,F_VN_SetAt_TcVnPoint3_LREAL,ipContainer,ipContainer,yes,edits the container,"Container with TcVnPoint3_LREAL elements, in which the element at position nIndex is replaced by aElement"
Node_F_VN_SetAt_TcVnPoint3_REAL,src/sln/lib/mobject-graph-vision-pack/Nodes/Basic Container Ops/SetAt/Node_F_VN_SetAt_TcVnPoint3_REAL.TcPOU,F_VN_SetAt_TcVnPoint3_REAL,ipContainer,ipContainer,yes,edits the container,"Container with TcVnPoint3_REAL elements, in which the element at position nIndex is replaced by aElement"
Node_F_VN_SetAt_TcVnRectangle_DINT,src/sln/lib/mobject-graph-vision-pack/Nodes/Basic Container Ops/SetAt/Node_F_VN_SetAt_TcVnRectangle_DINT.TcPOU,F_VN_SetAt_TcVnRectangle_DINT,ipContainer,ipContainer,yes,edits the container,"Container with TcVnRectangle_DINT elements, in which the element at position nIndex is replaced by stElement"
Node_F_VN_SetAt_TcVnRotatedRectangle,src/sln/lib/mobject-graph-vision-pack/Nodes/Basic Container Ops/SetAt/Node_F_VN_SetAt_TcVnRotatedRectangle.TcPOU,F_VN_SetAt_TcVnRotatedRectangle,ipContainer,ipContainer,yes,edits the container,"Container with TcVnRotatedRectangle elements, in which the element at position nIndex is replaced by stElement"
Node_F_VN_SetAt_TcVnVector2_DINT,src/sln/lib/mobject-graph-vision-pack/Nodes/Basic Container Ops/SetAt/Node_F_VN_SetAt_TcVnVector2_DINT.TcPOU,F_VN_SetAt_TcVnVector2_DINT,ipContainer,ipContainer,yes,edits the container,"Container with TcVnVector2_DINT elements, in which the element at position nIndex is replaced by aElement"
Node_F_VN_SetAt_TcVnVector2_INT,src/sln/lib/mobject-graph-vision-pack/Nodes/Basic Container Ops/SetAt/Node_F_VN_SetAt_TcVnVector2_INT.TcPOU,F_VN_SetAt_TcVnVector2_INT,ipContainer,ipContainer,yes,edits the container,"Container with TcVnVector2_INT elements, in which the element at position nIndex is replaced by aElement"
Node_F_VN_SetAt_TcVnVector2_REAL,src/sln/lib/mobject-graph-vision-pack/Nodes/Basic Container Ops/SetAt/Node_F_VN_SetAt_TcVnVector2_REAL.TcPOU,F_VN_SetAt_TcVnVector2_REAL,ipContainer,ipContainer,yes,edits the container,"Container with TcVnVector2_REAL elements, in which the element at position nIndex is replaced by aElement"
Node_F_VN_SetAt_TcVnVector2_SINT,src/sln/lib/mobject-graph-vision-pack/Nodes/Basic Container Ops/SetAt/Node_F_VN_SetAt_TcVnVector2_SINT.TcPOU,F_VN_SetAt_TcVnVector2_SINT,ipContainer,ipContainer,yes,edits the container,"Container with TcVnVector2_SINT elements, in which the element at position nIndex is replaced by aElement"
Node_F_VN_SetAt_TcVnVector2_UINT,src/sln/lib/mobject-graph-vision-pack/Nodes/Basic Container Ops/SetAt/Node_F_VN_SetAt_TcVnVector2_UINT.TcPOU,F_VN_SetAt_TcVnVector2_UINT,ipContainer,ipContainer,yes,edits the container,"Container with TcVnVector2_UINT elements, in which the element at position nIndex is replaced by aElement"
Node_F_VN_SetAt_TcVnVector2_USINT,src/sln/lib/mobject-graph-vision-pack/Nodes/Basic Container Ops/SetAt/Node_F_VN_SetAt_TcVnVector2_USINT.TcPOU,F_VN_SetAt_TcVnVector2_USINT,ipContainer,ipContainer,yes,edits the container,"Container with TcVnVector2_USINT elements, in which the element at position nIndex is replaced by aElement"
Node_F_VN_SetAt_TcVnVector3_INT,src/sln/lib/mobject-graph-vision-pack/Nodes/Basic Container Ops/SetAt/Node_F_VN_SetAt_TcVnVector3_INT.TcPOU,F_VN_SetAt_TcVnVector3_INT,ipContainer,ipContainer,yes,edits the container,"Container with TcVnVector3_INT elements, in which the element at position nIndex is replaced by aElement"
Node_F_VN_SetAt_TcVnVector3_REAL,src/sln/lib/mobject-graph-vision-pack/Nodes/Basic Container Ops/SetAt/Node_F_VN_SetAt_TcVnVector3_REAL.TcPOU,F_VN_SetAt_TcVnVector3_REAL,ipContainer,ipContainer,yes,edits the container,"Container with TcVnVector3_REAL elements, in which the element at position nIndex is replaced by aElement"
Node_F_VN_SetAt_TcVnVector3_SINT,src/sln/lib/mobject-graph-vision-pack/Nodes/Basic Container Ops/SetAt/Node_F_VN_SetAt_TcVnVector3_SINT.TcPOU,F_VN_SetAt_TcVnVector3_SINT,ipContainer,ipContainer,yes,edits the container,"Container with TcVnVector3_SINT elements, in which the element at position nIndex is replaced by aElement"
Node_F_VN_SetAt_TcVnVector3_UINT,src/sln/lib/mobject-graph-vision-pack/Nodes/Basic Container Ops/SetAt/Node_F_VN_SetAt_TcVnVector3_UINT.TcPOU,F_VN_SetAt_TcVnVector3_UINT,ipContainer,ipContainer,yes,edits the container,"Container with TcVnVector3_UINT elements, in which the element at position nIndex is replaced by aElement"
Node_F_VN_SetAt_TcVnVector3_USINT,src/sln/lib/mobject-graph-vision-pack/Nodes/Basic Container Ops/SetAt/Node_F_VN_SetAt_TcVnVector3_USINT.TcPOU,F_VN_SetAt_TcVnVector3_USINT,ipContainer,ipContainer,yes,edits the container,"Container with TcVnVector3_USINT elements, in which the element at position nIndex is replaced by aElement"
Node_F_VN_SetAt_TcVnVector4_DINT,src/sln/lib/mobject-graph-vision-pack/Nodes/Basic Container Ops/SetAt/Node_F_VN_SetAt_TcVnVector4_DINT.TcPOU,F_VN_SetAt_TcVnVector4_DINT,ipContainer,ipContainer,yes,edits the container,"Container with TcVnVector4_DINT elements, in which the element at position nIndex is replaced by aElement"
Node_F_VN_SetAt_TcVnVector4_INT,src/sln/lib/mobject-graph-vision-pack/Nodes/Basic Container Ops/SetAt/Node_F_VN_SetAt_TcVnVector4_INT.TcPOU,F_VN_SetAt_TcVnVector4_INT,ipContainer,ipContainer,yes,edits the container,"Container with TcVnVector4_INT elements, in which the element at position nIndex is replaced by aElement"
Node_F_VN_SetAt_TcVnVector4_LREAL,src/sln/lib/mobject-graph-vision-pack/Nodes/Basic Container Ops/SetAt/Node_F_VN_SetAt_TcVnVector4_LREAL.TcPOU,F_VN_SetAt_TcVnVector4_LREAL,ipContainer,ipContainer,yes,edits the container,"Container with TcVnVector4_LREAL elements, in which the element at position nIndex is replaced by aElement"
Node_F_VN_SetAt_TcVnVector4_REAL,src/sln/lib/mobject-graph-vision-pack/Nodes/Basic Container Ops/SetAt/Node_F_VN_SetAt_TcVnVector4_REAL.TcPOU,F_VN_SetAt_TcVnVector4_REAL,ipContainer,ipContainer,yes,edits the container,"Container with TcVnVector4_REAL elements, in which the element at position nIndex is replaced by aElement"
Node_F_VN_SetAt_TcVnVector4_SINT,src/sln/lib/mobject-graph-vision-pack/Nodes/Basic Container Ops/SetAt/Node_F_VN_SetAt_TcVnVector4_SINT.TcPOU,F_VN_SetAt_TcVnVector4_SINT,ipContainer,ipContainer,yes,edits the container,"Container with TcVnVector4_SINT elements, in which the element at position nIndex is replaced by aElement"
Node_F_VN_SetAt_TcVnVector4_UINT,src/sln/lib/mobject-graph-vision-pack/Nodes/Basic Container Ops/SetAt/Node_F_VN_SetAt_TcVnVector4_UINT.TcPOU,F_VN_SetAt_TcVnVector4_UINT,ipContainer,ipContainer,yes,edits the container,"Container with TcVnVector4_UINT elements, in which the element at position nIndex is replaced by aElement"
Node_F_VN_SetAt_TcVnVector4_USINT,src/sln/lib/mobject-graph-vision-pack/Nodes/Basic Container Ops/SetAt/Node_F_VN_SetAt_TcVnVector4_USINT.TcPOU,F_VN_SetAt_TcVnVector4_USINT,ipContainer,ipContainer,yes,edits the container,"Container with TcVnVector4_USINT elements, in which the element at position nIndex is replaced by aElement"
Node_F_VN_SetAt_UDINT,src/sln/lib/mobject-graph-vision-pack/Nodes/Basic Container Ops/SetAt/Node_F_VN_SetAt_UDINT.TcPOU,F_VN_SetAt_UDINT,ipContainer,ipContainer,yes,edits the container,"Container with UDINT elements, in which the element at position nIndex is replaced by nElement"
Node_F_VN_SetAt_UINT,src/sln/lib/mobject-graph-vision-pack/Nodes/Basic Container Ops/SetAt/Node_F_VN_SetAt_UINT.TcPOU,F_VN_SetAt_UINT,ipContainer,ipContainer,yes,edits the container,"Container with UINT elements, in which the element at position nIndex is replaced by nElement"
Node_F_VN_SetAt_ULINT,src/sln/lib/mobject-graph-vision-pack/Nodes/Basic Container Ops/SetAt/Node_F_VN_SetAt_ULINT.TcPOU,F_VN_SetAt_ULINT,ipContainer,ipContainer,yes,edits the container,"Container with ULINT elements, in which the element at position nIndex is replaced by nElement"
Node_F_VN_SetAt_USINT,src/sln/lib/mobject-graph-vision-pack/Nodes/Basic Container Ops/SetAt/Node_F_VN_SetAt_USINT.TcPOU,F_VN_SetAt_USINT,ipContainer,ipContainer,yes,edits the container,"Container with USINT elements, in which the element at position nIndex is replaced by nElement"
Node_F_VN_SetPixel,src/sln/lib/mobject-graph-vision-pack/Nodes/Basic Image Ops/Node_F_VN_SetPixel.TcPOU,F_VN_SetPixel,ipSrcImage,ipSrcImage,no,sets a pixel in the image,Source image
Node_F_VN_SetPixels,src/sln/lib/mobject-graph-vision-pack/Nodes/Basic Image Ops/Node_F_VN_SetPixels.TcPOU,F_VN_SetPixels,ipDestImage,ipDestImage,yes,draws into or edits the image,Destination image
Node_F_VN_SetPixelsExp,src/sln/lib/mobject-graph-vision-pack/Nodes/Basic Image Ops/Node_F_VN_SetPixelsExp.TcPOU,F_VN_SetPixelsExp,ipDestImage,ipDestImage,yes,draws into or edits the image,Destination image
Node_F_VN_SetRoi,src/sln/lib/mobject-graph-vision-pack/Nodes/Basic Image Ops/Node_F_VN_SetRoi.TcPOU,F_VN_SetRoi,ipDestImage,ipDestImage,yes,draws into or edits the image,Destination image
Node_F_VN_SetRoi_TcVnRectangle_DINT,src/sln/lib/mobject-graph-vision-pack/Nodes/Basic Image Ops/Node_F_VN_SetRoi_TcVnRectangle_DINT.TcPOU,F_VN_SetRoi_TcVnRectangle_DINT,ipDestImage,ipDestImage,yes,draws into or edits the image,Destination image
Node_F_VN_SetRoi_TcVnRectangle_UDINT,src/sln/lib/mobject-graph-vision-pack/Nodes/Basic Image Ops/Node_F_VN_SetRoi_TcVnRectangle_UDINT.TcPOU,F_VN_SetRoi_TcVnRectangle_UDINT,ipDestImage,ipDestImage,yes,draws into or edits the image,Destination image
Node_F_VN_SortDetectedPatternPoints,src/sln/lib/mobject-graph-vision-pack/Nodes/Geometric and Coord Transform/Calibration/Node_F_VN_SortDetectedPatternPoints.TcPOU,F_VN_SortDetectedPatternPoints,ipImagePoints,ipImagePoints,no,sorts the points,"Detected pattern point positions in the image coordinate system (will be sorted by this function, ContainerType_Vector_TcVnPoint2_REAL)"
