graph_path,port,api_function,node,output_port,bound_with_arrow,type
Vision/Geometric and Coordinate Transformations/F_VN_DecomposeHomography,nSolutions,F_VN_DecomposeHomography,Node_F_VN_DecomposeHomography,yes,yes,UDINT
Vision/Geometric and Coordinate Transformations/F_VN_DecomposeHomographyExp,nSolutions,F_VN_DecomposeHomographyExp,Node_F_VN_DecomposeHomographyExp,yes,yes,UDINT
Vision/Contour Analysis/F_VN_EnclosingTriangle,fArea,F_VN_EnclosingTriangle,Node_F_VN_EnclosingTriangle,yes,yes,LREAL
Vision/Keypoint Features/F_VN_FindReferenceKeyPointsInImage,aPerspectiveTransform,F_VN_FindReferenceKeyPointsInImage,Node_F_VN_FindReferenceKeyPointsInImage,yes,yes,TcVnMatrix3x3_LREAL
Vision/Keypoint Features/F_VN_FindReferenceKeyPointsInImage,nNumberOfGoodMatches,F_VN_FindReferenceKeyPointsInImage,Node_F_VN_FindReferenceKeyPointsInImage,yes,yes,UDINT
Vision/Keypoint Features/F_VN_FindReferenceKeyPointsInImage,nNumberOfInliers,F_VN_FindReferenceKeyPointsInImage,Node_F_VN_FindReferenceKeyPointsInImage,yes,yes,UDINT
Vision/Keypoint Features/F_VN_FindReferenceKeyPointsInImageAKAZE,aPerspectiveTransform,F_VN_FindReferenceKeyPointsInImageAKAZE,Node_F_VN_FindReferenceKeyPointsInImageAKAZE,yes,yes,TcVnMatrix3x3_LREAL
Vision/Keypoint Features/F_VN_FindReferenceKeyPointsInImageAKAZE,nNumberOfGoodMatches,F_VN_FindReferenceKeyPointsInImageAKAZE,Node_F_VN_FindReferenceKeyPointsInImageAKAZE,yes,yes,UDINT
Vision/Keypoint Features/F_VN_FindReferenceKeyPointsInImageAKAZE,nNumberOfInliers,F_VN_FindReferenceKeyPointsInImageAKAZE,Node_F_VN_FindReferenceKeyPointsInImageAKAZE,yes,yes,UDINT
Vision/Keypoint Features/F_VN_FindReferenceKeyPointsInImageAKAZEExp,aPerspectiveTransform,F_VN_FindReferenceKeyPointsInImageAKAZEExp,Node_F_VN_FindReferenceKeyPointsInImageAKAZEExp,yes,yes,TcVnMatrix3x3_LREAL
Vision/Keypoint Features/F_VN_FindReferenceKeyPointsInImageAKAZEExp,nNumberOfGoodMatches,F_VN_FindReferenceKeyPointsInImageAKAZEExp,Node_F_VN_FindReferenceKeyPointsInImageAKAZEExp,yes,yes,UDINT
Vision/Keypoint Features/F_VN_FindReferenceKeyPointsInImageAKAZEExp,nNumberOfInliers,F_VN_FindReferenceKeyPointsInImageAKAZEExp,Node_F_VN_FindReferenceKeyPointsInImageAKAZEExp,yes,yes,UDINT
Vision/Keypoint Features/F_VN_FindReferenceKeyPointsInImageBRISK,aPerspectiveTransform,F_VN_FindReferenceKeyPointsInImageBRISK,Node_F_VN_FindReferenceKeyPointsInImageBRISK,yes,yes,TcVnMatrix3x3_LREAL
Vision/Keypoint Features/F_VN_FindReferenceKeyPointsInImageBRISK,nNumberOfGoodMatches,F_VN_FindReferenceKeyPointsInImageBRISK,Node_F_VN_FindReferenceKeyPointsInImageBRISK,yes,yes,UDINT
Vision/Keypoint Features/F_VN_FindReferenceKeyPointsInImageBRISK,nNumberOfInliers,F_VN_FindReferenceKeyPointsInImageBRISK,Node_F_VN_FindReferenceKeyPointsInImageBRISK,yes,yes,UDINT
Vision/Keypoint Features/F_VN_FindReferenceKeyPointsInImageBRISKExp,aPerspectiveTransform,F_VN_FindReferenceKeyPointsInImageBRISKExp,Node_F_VN_FindReferenceKeyPointsInImageBRISKExp,yes,yes,TcVnMatrix3x3_LREAL
Vision/Keypoint Features/F_VN_FindReferenceKeyPointsInImageBRISKExp,nNumberOfGoodMatches,F_VN_FindReferenceKeyPointsInImageBRISKExp,Node_F_VN_FindReferenceKeyPointsInImageBRISKExp,yes,yes,UDINT
Vision/Keypoint Features/F_VN_FindReferenceKeyPointsInImageBRISKExp,nNumberOfInliers,F_VN_FindReferenceKeyPointsInImageBRISKExp,Node_F_VN_FindReferenceKeyPointsInImageBRISKExp,yes,yes,UDINT
Vision/Keypoint Features/F_VN_FindReferenceKeyPointsInImageExp,aPerspectiveTransform,F_VN_FindReferenceKeyPointsInImageExp,Node_F_VN_FindReferenceKeyPointsInImageExp,yes,yes,TcVnMatrix3x3_LREAL
Vision/Keypoint Features/F_VN_FindReferenceKeyPointsInImageExp,nNumberOfGoodMatches,F_VN_FindReferenceKeyPointsInImageExp,Node_F_VN_FindReferenceKeyPointsInImageExp,yes,yes,UDINT
Vision/Keypoint Features/F_VN_FindReferenceKeyPointsInImageExp,nNumberOfInliers,F_VN_FindReferenceKeyPointsInImageExp,Node_F_VN_FindReferenceKeyPointsInImageExp,yes,yes,UDINT
Vision/Keypoint Features/F_VN_FindReferenceKeyPointsInImageORB,aPerspectiveTransform,F_VN_FindReferenceKeyPointsInImageORB,Node_F_VN_FindReferenceKeyPointsInImageORB,yes,yes,TcVnMatrix3x3_LREAL
Vision/Keypoint Features/F_VN_FindReferenceKeyPointsInImageORB,nNumberOfGoodMatches,F_VN_FindReferenceKeyPointsInImageORB,Node_F_VN_FindReferenceKeyPointsInImageORB,yes,yes,UDINT
Vision/Keypoint Features/F_VN_FindReferenceKeyPointsInImageORB,nNumberOfInliers,F_VN_FindReferenceKeyPointsInImageORB,Node_F_VN_FindReferenceKeyPointsInImageORB,yes,yes,UDINT
Vision/Keypoint Features/F_VN_FindReferenceKeyPointsInImageORBExp,aPerspectiveTransform,F_VN_FindReferenceKeyPointsInImageORBExp,Node_F_VN_FindReferenceKeyPointsInImageORBExp,yes,yes,TcVnMatrix3x3_LREAL
Vision/Keypoint Features/F_VN_FindReferenceKeyPointsInImageORBExp,nNumberOfGoodMatches,F_VN_FindReferenceKeyPointsInImageORBExp,Node_F_VN_FindReferenceKeyPointsInImageORBExp,yes,yes,UDINT
Vision/Keypoint Features/F_VN_FindReferenceKeyPointsInImageORBExp,nNumberOfInliers,F_VN_FindReferenceKeyPointsInImageORBExp,Node_F_VN_FindReferenceKeyPointsInImageORBExp,yes,yes,UDINT
Vision/Code Quality/F_VN_GradeBarcode,fAngleDeg,F_VN_GradeBarcode,Node_F_VN_GradeBarcode,yes,yes,REAL
Vision/Code Quality/F_VN_GradeBarcodeExp,fAngleDeg,F_VN_GradeBarcodeExp,Node_F_VN_GradeBarcodeExp,yes,yes,REAL
Vision/Code Quality/F_VN_GradeDataMatrixCode,fAngleDeg,F_VN_GradeDataMatrixCode,Node_F_VN_GradeDataMatrixCode,yes,yes,REAL
Vision/Code Quality/F_VN_GradeDataMatrixCodeExp,fAngleDeg,F_VN_GradeDataMatrixCodeExp,Node_F_VN_GradeDataMatrixCodeExp,yes,yes,REAL
Vision/Code Quality/F_VN_GradeQRCode,fAngleDeg,F_VN_GradeQRCode,Node_F_VN_GradeQRCode,yes,yes,REAL
Vision/Code Quality/F_VN_GradeQRCodeExp,fAngleDeg,F_VN_GradeQRCodeExp,Node_F_VN_GradeQRCodeExp,yes,yes,REAL
Vision/Measurement/F_VN_LocateAxisAlignedEdges,fAvgStrength,F_VN_LocateAxisAlignedEdges,Node_F_VN_LocateAxisAlignedEdges,yes,yes,REAL
Vision/Measurement/F_VN_LocateAxisAlignedEdgesExp,fAvgStrength,F_VN_LocateAxisAlignedEdgesExp,Node_F_VN_LocateAxisAlignedEdgesExp,yes,yes,REAL
Vision/Measurement/F_VN_LocateEdge,fAvgStrength,F_VN_LocateEdge,Node_F_VN_LocateEdge,yes,yes,REAL
Vision/Measurement/F_VN_LocateEdgeExp,fAvgStrength,F_VN_LocateEdgeExp,Node_F_VN_LocateEdgeExp,yes,yes,REAL
Vision/Measurement/F_VN_LocateEdgeExp2,fAvgStrength,F_VN_LocateEdgeExp2,Node_F_VN_LocateEdgeExp2,yes,yes,REAL
Vision/Measurement/F_VN_LocateEdges,fAvgStrength,F_VN_LocateEdges,Node_F_VN_LocateEdges,yes,yes,REAL
Vision/Measurement/F_VN_LocateEdgesExp,fAvgStrength,F_VN_LocateEdgesExp,Node_F_VN_LocateEdgesExp,yes,yes,REAL
Vision/Measurement/F_VN_LocateEdgesExp2,fAvgStrength,F_VN_LocateEdgesExp2,Node_F_VN_LocateEdgesExp2,yes,yes,REAL
Vision/OCR/F_VN_OCRExp,fMinConfidence,F_VN_OCRExp,Node_F_VN_OCRExp,yes,yes,REAL
Vision/Code Reading/F_VN_ReadBarcodeRoi,fAngleDeg,F_VN_ReadBarcodeRoi,Node_F_VN_ReadBarcodeRoi,yes,yes,REAL
Vision/Code Reading/F_VN_ReadBarcodeRoiExp,fAngleDeg,F_VN_ReadBarcodeRoiExp,Node_F_VN_ReadBarcodeRoiExp,yes,yes,REAL
Vision/Code Reading/F_VN_ReadDataMatrixCodeRoi,fAngleDeg,F_VN_ReadDataMatrixCodeRoi,Node_F_VN_ReadDataMatrixCodeRoi,yes,yes,REAL
Vision/Code Reading/F_VN_ReadDataMatrixCodeRoiExp,fAngleDeg,F_VN_ReadDataMatrixCodeRoiExp,Node_F_VN_ReadDataMatrixCodeRoiExp,yes,yes,REAL
Vision/Code Reading/F_VN_ReadDotCodeRoi,fAngleDeg,F_VN_ReadDotCodeRoi,Node_F_VN_ReadDotCodeRoi,yes,yes,REAL
Vision/Code Reading/F_VN_ReadDotCodeRoiExp,fAngleDeg,F_VN_ReadDotCodeRoiExp,Node_F_VN_ReadDotCodeRoiExp,yes,yes,REAL
